PLMN;SYSTEM;XCI;xNBID;LOCAL_CID;LAC/TAC;PCI/PSC/BSIC;ARFCN;BAND;RSSI;RSRP/RSCP;RSRQ/ECIO;SNR;CQI;TA;DISTANCE;DELTA_AZI;LAT;LON;SPEED;GPS_ACCURACY;UL;DL;BANDWIDTH;BANDWIDTHS;CA;NR_STATE;NARFCN;NR_BAND;NR_PCI;NR_SS_RSRP;NR_SS_RSRQ;NR_SS_SINR;NR_CSI_RSRP;NR_CSI_RSRQ;NR_CSI_SINR;CLF_LABEL;CLF_LOC;CLF_DESC;DATE;TIME;ROAMING
44011;4;71726856;280183;8;211;251;1575;1800 B3;-65;-92;-6;1.0;;;;;35.698181;139.773952;0;25;22;120;5000;5;1;none;;;;;;;;;;--;--;Cell not found in the clf database!;2022/12/07;09:07:16;HOME
44011;4;71726856;280183;8;211;251;1575;1800 B3;-65;-92;-6;1.0;;56;;;35.698181;139.773952;0;25;11;9;5000;5;1;none;;;;;;;;;;--;--;Cell not found in the clf database!;2022/12/07;09:07:17;HOME
44011;4;71726856;280183;8;211;251;1575;1800 B3;-65;-92;-6;1.0;;56;;;35.698181;139.773952;0;25;69;27;5000;5;1;none;;;;;;;;;;--;--;Cell not found in the clf database!;2022/12/07;09:07:18;HOME
44011;4;71726856;280183;8;211;251;1575;1800 B3;-65;-91;-7;1.0;;56;;;35.698182;139.773953;0;26;31;37;5000;5;1;none;;;;;;;;;;--;--;Cell not found in the clf database!;2022/12/07;09:07:19;HOME
44011;4;71726856;280183;8;211;251;1575;1800 B3;-65;-91;-7;1.0;;56;;;35.698182;139.773953;0;26;22;14;5000;5;1;none;;;;;;;;;;--;--;Cell not found in the clf database!;2022/12/07;09:07:20;HOME
44011;4;71726856;280183;8;211;251;1575;1800 B3;-65;-93;-8;1.0;;56;;;35.698182;139.773953;0;26;109;817;5000;5;1;none;;;;;;;;;;--;--;Cell not found in the clf database!;2022/12/07;09:07:21;HOME
44011;4;71726856;280183;8;211;251;1575;1800 B3;-65;-93;-8;1.0;;56;;;35.698182;139.773953;0;26;12;104;5000;5;1;none;;;;;;;;;;--;--;Cell not found in the clf database!;2022/12/07;09:07:22;HOME
44011;4;71726856;280183;8;211;251;1575;1800 B3;-65;-97;-8;1.0;;56;;;35.698182;139.773953;0;26;0;0;5000;5;1;none;;;;;;;;;;--;--;Cell not found in the clf database!;2022/12/07;09:07:23;HOME
44011;4;71726856;280183;8;211;251;1575;1800 B3;-65;-97;-8;1.0;;56;;;35.698182;139.773953;0;26;17;0;5000;5;1;none;;;;;;;;;;--;--;Cell not found in the clf database!;2022/12/07;09:07:24;HOME
44011;4;71726856;280183;8;211;251;1575;1800 B3;-65;-97;-8;1.0;;56;;;35.698182;139.773953;0;26;14;26;5000;5;1;none;;;;;;;;;;--;--;Cell not found in the clf database!;2022/12/07;09:07:25;HOME
44011;4;71726856;280183;8;211;251;1575;1800 B3;-65;-99;-10;1.0;;56;;;35.698210;139.773967;2;68;0;0;5000;5;1;none;;;;;;;;;;--;--;Cell not found in the clf database!;2022/12/07;09:07:26;HOME
44011;4;71726856;280183;8;211;251;1575;1800 B3;-65;-99;-10;1.0;;56;;;35.698210;139.773967;2;68;0;0;5000;5;1;none;;;;;;;;;;--;--;Cell not found in the clf database!;2022/12/07;09:07:27;HOME
44011;4;71726856;280183;8;211;251;1575;1800 B3;-65;-99;-10;1.0;;56;;;35.698210;139.773967;2;68;1;2;5000;5;1;none;;;;;;;;;;--;--;Cell not found in the clf database!;2022/12/07;09:07:28;HOME
44011;4;71726856;280183;8;211;251;1575;1800 B3;-65;-99;-8;1.0;;56;;;35.698210;139.773967;2;68;0;0;5000;5;1;none;;;;;;;;;;--;--;Cell not found in the clf database!;2022/12/07;09:07:29;HOME
44011;4;71726856;280183;8;211;251;1575;1800 B3;-77;-99;-8;0.8;;56;;;35.698210;139.773967;2;68;2;2;5000;5;1;none;;;;;;;;;;--;--;Cell not found in the clf database!;2022/12/07;09:07:30;HOME
44011;4;71726856;280183;8;211;251;1575;1800 B3;-77;-98;-10;0.8;;55;;;35.698267;139.773908;3;88;0;0;5000;5;1;none;;;;;;;;;;--;--;Cell not found in the clf database!;2022/12/07;09:07:31;HOME
44011;4;71726856;280183;8;211;251;1575;1800 B3;-77;-98;-10;0.8;;55;;;35.698267;139.773908;3;88;5;5;5000;5;1;none;;;;;;;;;;--;--;Cell not found in the clf database!;2022/12/07;09:07:32;HOME
44011;4;71726856;280183;8;211;251;1575;1800 B3;-77;-101;-11;0.8;;56;;;35.698267;139.773908;3;88;0;0;5000;5;1;none;;;;;;;;;;--;--;Cell not found in the clf database!;2022/12/07;09:07:33;HOME
44011;4;71726856;280183;8;211;251;1575;1800 B3;-77;-101;-11;0.8;;56;;;35.698235;139.773568;10;63;0;0;5000;5;1;none;;;;;;;;;;--;--;Cell not found in the clf database!;2022/12/07;09:07:34;HOME
44011;4;71726856;280183;8;211;251;1575;1800 B3;-77;-101;-11;0.8;;56;;;35.698235;139.773568;10;63;0;0;5000;5;1;none;;;;;;;;;;--;--;Cell not found in the clf database!;2022/12/07;09:07:35;HOME
44011;4;71726856;280183;8;211;251;1575;1800 B3;-77;-103;-14;0.8;;56;;;35.698235;139.773568;10;63;0;0;5000;5;1;none;;;;;;;;;;--;--;Cell not found in the clf database!;2022/12/07;09:07:36;HOME
44011;4;71726856;280183;8;211;251;1575;1800 B3;-77;-103;-14;0.8;;56;;;35.698235;139.773568;10;63;2;1;5000;5;1;none;;;;;;;;;;--;--;Cell not found in the clf database!;2022/12/07;09:07:37;HOME
44011;4;71726855;280183;7;211;15;1575;1800 B3;-77;-100;-13;0.8;;;;;35.698235;139.773568;10;63;0;0;5000;5;1;none;;;;;;;;;;--;--;Cell not found in the clf database!;2022/12/07;09:07:38;HOME
44011;4;71726855;280183;7;211;15;1575;1800 B3;-77;-100;-13;0.8;;55;;;35.698235;139.773568;10;63;0;0;5000;5;1;none;;;;;;;;;;--;--;Cell not found in the clf database!;2022/12/07;09:07:39;HOME
44011;4;71726855;280183;7;211;15;1575;1800 B3;-77;-100;-13;0.8;;55;;;35.698235;139.773568;10;63;0;0;5000;5;1;none;;;;;;;;;;--;--;Cell not found in the clf database!;2022/12/07;09:07:40;HOME
44011;4;71726855;280183;7;211;15;1575;1800 B3;-77;-94;-14;0.8;;54;;;35.698419;139.772748;22;27;0;0;5000;5;1;none;;;;;;;;;;--;--;Cell not found in the clf database!;2022/12/07;09:07:41;HOME
44011;4;71726855;280183;7;211;15;1575;1800 B3;-63;-94;-14;-0.3;;54;;;35.698419;139.772748;22;27;6;85;5000;5;1;none;;;;;;;;;;--;--;Cell not found in the clf database!;2022/12/07;09:07:42;HOME
44011;4;71726855;280183;7;211;15;1575;1800 B3;-63;-92;-13;-0.3;;54;;;35.698419;139.772748;22;27;0;0;5000;5;1;none;;;;;;;;;;--;--;Cell not found in the clf database!;2022/12/07;09:07:43;HOME
44011;4;71726855;280183;7;211;15;1575;1800 B3;-63;-92;-13;-0.3;;54;;;35.698419;139.772748;22;27;0;0;5000;5;1;none;;;;;;;;;;--;--;Cell not found in the clf database!;2022/12/07;09:07:44;HOME
44011;4;71726855;280183;7;211;15;1575;1800 B3;-63;-92;-14;-0.3;;54;;;35.698419;139.772748;22;27;1;1;5000;5;1;none;;;;;;;;;;--;--;Cell not found in the clf database!;2022/12/07;09:07:45;HOME
44011;4;71726855;280183;7;211;15;1575;1800 B3;-63;-92;-14;-0.3;;54;;;35.698419;139.772748;22;27;1;0;5000;5;1;none;;;;;;;;;;--;--;Cell not found in the clf database!;2022/12/07;09:07:46;HOME
44011;4;71726855;280183;7;211;15;1575;1800 B3;-63;-92;-14;-0.3;;54;;;35.698419;139.772748;22;27;5;0;5000;20;1;none;;;;;;;;;;--;--;Cell not found in the clf database!;2022/12/07;09:07:47;HOME
44011;4;71434506;279041;10;211;123;1500;1800 B3;-63;-87;-12;-0.3;;;;;35.698445;139.772364;27;27;5;4;20000;20;1;none;;;;;;;;;;--;--;Cell not found in the clf database!;2022/12/07;09:07:48;HOME
44011;4;71434506;279041;10;211;123;1500;1800 B3;-63;-87;-12;-0.3;;0;;;35.698445;139.772364;27;27;16;47;20000;20;1;none;;;;;;;;;;--;--;Cell not found in the clf database!;2022/12/07;09:07:49;HOME
44011;4;71434507;279041;11;211;95;1500;1800 B3;-63;-83;-11;-0.3;;;;;35.698445;139.772364;27;27;0;6;20000;20;1;none;;;;;;;;;;--;--;Cell not found in the clf database!;2022/12/07;09:07:50;HOME
44011;4;71434507;279041;11;211;95;1500;1800 B3;-63;-83;-11;-0.3;;1;;;35.698511;139.771698;33;59;0;0;20000;20;1;none;;;;;;;;;;--;--;Cell not found in the clf database!;2022/12/07;09:07:51;HOME
44011;4;71434507;279041;11;211;95;1500;1800 B3;-63;-84;-13;-0.3;;1;;;35.698511;139.771698;33;59;9;138;20000;20;1;none;;;;;;;;;;--;--;Cell not found in the clf database!;2022/12/07;09:07:52;HOME
44011;4;71434507;279041;11;211;95;1500;1800 B3;-63;-84;-13;-0.3;;1;;;35.698511;139.771698;33;59;0;0;20000;20;1;none;;;;;;;;;;--;--;Cell not found in the clf database!;2022/12/07;09:07:53;HOME
44011;4;71434507;279041;11;211;95;1500;1800 B3;-63;-84;-13;-0.3;;1;;;35.698511;139.771698;33;59;0;0;20000;20;1;none;;;;;;;;;;--;--;Cell not found in the clf database!;2022/12/07;09:07:54;HOME
44011;4;71434507;279041;11;211;95;1500;1800 B3;-63;-80;-11;-0.3;;0;;;35.698511;139.771698;33;59;0;0;20000;20;1;none;;;;;;;;;;--;--;Cell not found in the clf database!;2022/12/07;09:07:55;HOME
44011;4;71434507;279041;11;211;95;1500;1800 B3;-63;-80;-11;-0.3;;0;;;35.698590;139.770653;47;52;4;8;20000;20;1;none;;;;;;;;;;--;--;Cell not found in the clf database!;2022/12/07;09:07:56;HOME
44011;4;71434507;279041;11;211;95;1500;1800 B3;-63;-80;-11;-0.3;;0;;;35.698590;139.770653;47;52;33;178;20000;20;1;none;;;;;;;;;;--;--;Cell not found in the clf database!;2022/12/07;09:07:57;HOME
44011;4;71434507;279041;11;211;95;1500;1800 B3;-63;-83;-12;-0.3;;1;;;35.698590;139.770653;47;52;25;105;20000;20;1;none;;;;;;;;;;--;--;Cell not found in the clf database!;2022/12/07;09:07:58;HOME
44011;4;71434507;279041;11;211;95;1500;1800 B3;-63;-83;-12;-0.3;;1;;;35.698590;139.770653;47;52;6;6;20000;20;1;none;;;;;;;;;;--;--;Cell not found in the clf database!;2022/12/07;09:07:59;HOME
44011;4;71434507;279041;11;211;95;1500;1800 B3;-63;-83;-12;-0.3;;1;;;35.698590;139.770653;47;52;1;0;20000;20;1;none;;;;;;;;;;--;--;Cell not found in the clf database!;2022/12/07;09:08:00;HOME
44011;4;71434507;279041;11;211;95;1500;1800 B3;-63;-90;-20;-0.3;;1;;;35.697991;139.769575;73;83;24;78;20000;20;1;none;;;;;;;;;;--;--;Cell not found in the clf database!;2022/12/07;09:08:01;HOME
44011;4;71434507;279041;11;211;95;1500;1800 B3;-63;-90;-20;-0.3;;1;;;35.697991;139.769575;73;83;1;1;20000;20;1;none;;;;;;;;;;--;--;Cell not found in the clf database!;2022/12/07;09:08:02;HOME
44011;4;71434507;279041;11;211;95;1500;1800 B3;-63;-92;-20;-0.3;;1;;;35.697991;139.769575;73;83;9;6;20000;20;1;none;;;;;;;;;;--;--;Cell not found in the clf database!;2022/12/07;09:08:03;HOME
44011;4;71434507;279041;11;211;95;1500;1800 B3;-63;-92;-20;-0.3;;1;;;35.697991;139.769575;73;83;18;64;20000;20;1;none;;;;;;;;;;--;--;Cell not found in the clf database!;2022/12/07;09:08:04;HOME
44011;4;71434507;279041;11;211;95;1500;1800 B3;-63;-92;-20;-0.3;;1;;;35.697991;139.769575;73;83;0;0;20000;20;1;none;;;;;;;;;;--;--;Cell not found in the clf database!;2022/12/07;09:08:05;HOME
44011;4;71403531;278920;11;211;365;1500;1800 B3;-63;-89;-16;-0.3;;;;;35.698210;139.768710;64;106;4;8;20000;20;1;none;;;;;;;;;;--;--;Cell not found in the clf database!;2022/12/07;09:08:06;HOME
44011;4;71403531;278920;11;211;365;1500;1800 B3;-63;-89;-16;-0.3;;1;;;35.698210;139.768710;64;106;9;179;20000;20;1;none;;;;;;;;;;--;--;Cell not found in the clf database!;2022/12/07;09:08:07;HOME
44011;4;71581953;279617;1;211;332;1500;1800 B3;-63;-85;-15;-0.3;;;;;35.698694;139.768025;62;59;0;0;20000;20;1;none;;;;;;;;;;--;--;Cell not found in the clf database!;2022/12/07;09:08:08;HOME
44011;4;71581953;279617;1;211;332;1500;1800 B3;-63;-85;-15;-0.3;;0;;;35.698772;139.767820;64;57;0;0;20000;20;1;none;;;;;;;;;;--;--;Cell not found in the clf database!;2022/12/07;09:08:09;HOME
44011;4;71581955;279617;3;211;75;1500;1800 B3;-63;-89;-13;-0.3;;;;;35.698649;139.767481;61;44;0;0;20000;20;1;none;;;;;;;;;;--;--;Cell not found in the clf database!;2022/12/07;09:08:10;HOME
44011;4;71581955;279617;3;211;75;1500;1800 B3;-63;-89;-13;-0.3;;1;;;35.698682;139.767375;53;37;0;0;20000;20;1;none;;;;;;;;;;--;--;Cell not found in the clf database!;2022/12/07;09:08:11;HOME
44011;4;71581955;279617;3;211;75;1500;1800 B3;-63;-89;-12;-0.3;;0;;;35.698707;139.767265;50;33;0;0;20000;20;1;none;;;;;;;;;;--;--;Cell not found in the clf database!;2022/12/07;09:08:12;HOME
44011;4;71581955;279617;3;211;75;1500;1800 B3;-63;-89;-12;-0.3;;0;;;35.698750;139.767099;49;28;0;0;20000;20;1;none;;;;;;;;;;--;--;Cell not found in the clf database!;2022/12/07;09:08:13;HOME
44011;4;71581955;279617;3;211;75;1500;1800 B3;-63;-96;-17;-0.3;;0;;;35.698778;139.766992;48;23;6;84;20000;20;1;none;;;;;;;;;;--;--;Cell not found in the clf database!;2022/12/07;09:08:14;HOME
44011;4;71581955;279617;3;211;75;1500;1800 B3;-63;-96;-17;-0.3;;0;;;35.698820;139.766888;46;13;0;0;20000;20;1;none;;;;;;;;;;--;--;Cell not found in the clf database!;2022/12/07;09:08:15;HOME
44011;4;71581955;279617;3;211;75;1500;1800 B3;-63;-96;-17;-0.3;;0;;;35.698870;139.766778;46;14;0;0;20000;20;1;none;;;;;;;;;;--;--;Cell not found in the clf database!;2022/12/07;09:08:16;HOME
44011;4;71581955;279617;3;211;75;1500;1800 B3;-63;-92;-14;-0.3;;1;;;35.698924;139.766680;44;17;0;0;20000;20;1;none;;;;;;;;;;--;--;Cell not found in the clf database!;2022/12/07;09:08:17;HOME
44011;4;71581955;279617;3;211;75;1500;1800 B3;-63;-92;-14;-0.3;;1;;;35.699005;139.766595;44;18;0;0;20000;20;1;none;;;;;;;;;;--;--;Cell not found in the clf database!;2022/12/07;09:08:18;HOME
44011;4;71581955;279617;3;211;75;1500;1800 B3;-63;-83;-14;-0.3;;1;;;35.699093;139.766498;45;19;31;28;20000;20;1;none;;;;;;;;;;--;--;Cell not found in the clf database!;2022/12/07;09:08:19;HOME
44011;4;71581955;279617;3;211;75;1500;1800 B3;-63;-83;-14;-0.3;;1;;;35.699146;139.766386;38;19;2;3;20000;20;1;none;;;;;;;;;;--;--;Cell not found in the clf database!;2022/12/07;09:08:20;HOME
44011;4;71581955;279617;3;211;75;1500;1800 B3;-63;-84;-12;-0.3;;1;;;35.699178;139.766289;35;19;0;0;20000;20;1;none;;;;;;;;;;--;--;Cell not found in the clf database!;2022/12/07;09:08:21;HOME
44011;4;71581955;279617;3;211;75;1500;1800 B3;-63;-84;-12;-0.3;;1;;;35.699202;139.766203;31;17;0;0;20000;20;1;none;;;;;;;;;;--;--;Cell not found in the clf database!;2022/12/07;09:08:22;HOME
44011;4;71581955;279617;3;211;75;1500;1800 B3;-63;-84;-12;-0.3;;1;;;35.699204;139.766149;28;15;0;0;20000;20;1;none;;;;;;;;;;--;--;Cell not found in the clf database!;2022/12/07;09:08:23;HOME
44011;4;71581955;279617;3;211;75;1500;1800 B3;-63;-86;-11;-0.3;;1;;;35.699203;139.766097;27;12;0;0;20000;20;1;none;;;;;;;;;;--;--;Cell not found in the clf database!;2022/12/07;09:08:24;HOME
44011;4;71581955;279617;3;211;75;1500;1800 B3;-63;-86;-11;-0.3;;1;;;35.699214;139.766043;25;10;0;0;20000;20;1;none;;;;;;;;;;--;--;Cell not found in the clf database!;2022/12/07;09:08:25;HOME
44011;4;71581955;279617;3;211;75;1500;1800 B3;-63;-96;-17;-0.3;;1;;;35.699235;139.765976;24;8;1;1;20000;20;1;none;;;;;;;;;;--;--;Cell not found in the clf database!;2022/12/07;09:08:26;HOME
44011;4;71581955;279617;3;211;75;1500;1800 B3;-63;-96;-17;-0.3;;1;;;35.699262;139.765918;21;8;0;0;20000;20;1;none;;;;;;;;;;--;--;Cell not found in the clf database!;2022/12/07;09:08:27;HOME
44011;4;71525639;279397;7;211;33;1500;1800 B3;-63;-92;-12;-0.3;;;;;35.699288;139.765872;19;8;0;0;20000;20;1;none;;;;;;;;;;--;--;Cell not found in the clf database!;2022/12/07;09:08:28;HOME
44011;4;71525639;279397;7;211;33;1500;1800 B3;-63;-92;-12;-0.3;;2;;;35.699317;139.765834;17;8;0;0;20000;20;1;none;;;;;;;;;;--;--;Cell not found in the clf database!;2022/12/07;09:08:29;HOME
44011;4;71525639;279397;7;211;33;1500;1800 B3;-63;-93;-12;-0.3;;0;;;35.699346;139.765794;18;9;0;0;20000;20;1;none;;;;;;;;;;--;--;Cell not found in the clf database!;2022/12/07;09:08:30;HOME
44011;4;71525639;279397;7;211;33;1500;1800 B3;-63;-93;-12;-0.3;;0;;;35.699365;139.765760;16;10;0;0;20000;20;1;connected;;;;;;;;;;--;--;Cell not found in the clf database!;2022/12/07;09:08:31;HOME
44011;4;71525639;279397;7;211;33;1500;1800 B3;-63;-93;-12;-0.3;;0;;;35.699379;139.765734;14;11;0;0;20000;20;1;connected;;;;;;;;;;--;--;Cell not found in the clf database!;2022/12/07;09:08:32;HOME
44011;4;71525639;279397;7;211;33;1500;1800 B3;-63;-91;-13;-0.3;;0;;;35.699394;139.765707;14;13;0;0;20000;20;1;connected;;;;;;;;;;--;--;Cell not found in the clf database!;2022/12/07;09:08:33;HOME
44011;4;71525639;279397;7;211;33;1500;1800 B3;-63;-91;-13;-0.3;;0;;;35.699413;139.765680;14;15;0;0;20000;20;1;connected;;;;;;;;;;--;--;Cell not found in the clf database!;2022/12/07;09:08:34;HOME
44011;4;71525639;279397;7;211;33;1500;1800 B3;-63;-91;-13;-0.3;;0;;;35.699428;139.765654;12;17;3;6;20000;20;1;connected;;;;;;;;;;--;--;Cell not found in the clf database!;2022/12/07;09:08:35;HOME
44011;4;71525639;279397;7;211;33;1500;1800 B3;-63;-89;-13;-0.3;;0;;;35.699426;139.765661;7;18;0;0;20000;20;1;connected;;;;;;;;;;--;--;Cell not found in the clf database!;2022/12/07;09:08:36;HOME
44011;4;71525639;279397;7;211;33;1500;1800 B3;-63;-89;-13;-0.3;;0;;;35.699416;139.765680;3;19;0;0;20000;20;1;connected;;;;;;;;;;--;--;Cell not found in the clf database!;2022/12/07;09:08:37;HOME
44011;4;71525639;279397;7;211;33;1500;1800 B3;-63;-89;-13;-0.3;;0;;;35.699406;139.765697;3;19;0;0;20000;20;1;connected;;;;;;;;;;--;--;Cell not found in the clf database!;2022/12/07;09:08:38;HOME
44011;4;71525639;279397;7;211;33;1500;1800 B3;-63;-89;-13;-0.3;;0;;;35.699406;139.765713;3;19;0;1;20000;20;1;connected;;;;;;;;;;--;--;Cell not found in the clf database!;2022/12/07;09:08:39;HOME
44011;4;71525639;279397;7;211;33;1500;1800 B3;-63;-89;-13;-0.3;;0;;;35.699418;139.765737;5;18;0;0;20000;20;1;connected;;;;;;;;;;--;--;Cell not found in the clf database!;2022/12/07;09:08:40;HOME
44011;4;71525639;279397;7;211;33;1500;1800 B3;-63;-81;-12;-0.3;;0;;;35.699404;139.765770;2;15;0;0;20000;20;1;connected;;;;;;;;;;--;--;Cell not found in the clf database!;2022/12/07;09:08:41;HOME
44011;4;71525639;279397;7;211;33;1500;1800 B3;-63;-81;-12;-0.3;;0;;;35.699373;139.765782;0;13;0;0;20000;20;1;connected;;;;;;;;;;--;--;Cell not found in the clf database!;2022/12/07;09:08:42;HOME
44011;4;71525639;279397;7;211;33;1500;1800 B3;-63;-71;-11;-0.3;;1;;;35.699354;139.765783;3;11;3;5;20000;20;1;connected;;;;;;;;;;--;--;Cell not found in the clf database!;2022/12/07;09:08:43;HOME
44011;4;71525639;279397;7;211;33;1500;1800 B3;-63;-71;-11;-0.3;;1;;;35.699348;139.765782;1;8;0;0;20000;20;1;connected;;;;;;;;;;--;--;Cell not found in the clf database!;2022/12/07;09:08:44;HOME
44011;4;71525639;279397;7;211;33;1500;1800 B3;-63;-71;-11;-0.3;;1;;;35.699354;139.765779;1;7;1;1;20000;20;1;connected;;;;;;;;;;--;--;Cell not found in the clf database!;2022/12/07;09:08:45;HOME
44011;4;71525639;279397;7;211;33;1500;1800 B3;-63;-70;-12;-0.3;;1;;;35.699362;139.765776;2;6;0;0;20000;20;1;connected;;;;;;;;;;--;--;Cell not found in the clf database!;2022/12/07;09:08:46;HOME
44011;4;71525639;279397;7;211;33;1500;1800 B3;-63;-70;-12;-0.3;;1;;;35.699364;139.765779;2;6;0;0;20000;20;1;connected;;;;;;;;;;--;--;Cell not found in the clf database!;2022/12/07;09:08:47;HOME
44011;4;71525639;279397;7;211;33;1500;1800 B3;-63;-70;-12;-0.3;;1;;;35.699366;139.765781;1;6;1;1;20000;20;1;none;;;;;;;;;;--;--;Cell not found in the clf database!;2022/12/07;09:08:48;HOME
44011;4;71525639;279397;7;211;33;1500;1800 B3;-63;-72;-11;-0.3;;0;;;35.699369;139.765779;1;6;40;29;20000;20;1;none;;;;;;;;;;--;--;Cell not found in the clf database!;2022/12/07;09:08:49;HOME
44011;4;71525639;279397;7;211;33;1500;1800 B3;-63;-72;-11;-0.3;;0;;;35.699372;139.765781;1;6;6;55;20000;20;1;none;;;;;;;;;;--;--;Cell not found in the clf database!;2022/12/07;09:08:50;HOME
44011;4;71525639;279397;7;211;33;1500;1800 B3;-63;-71;-11;-0.3;;1;;;35.699371;139.765784;1;6;1;2;20000;20;1;none;;;;;;;;;;--;--;Cell not found in the clf database!;2022/12/07;09:08:51;HOME
44011;4;71525639;279397;7;211;33;1500;1800 B3;-63;-71;-11;-0.3;;1;;;35.699370;139.765784;0;6;19;18;20000;20;1;none;;;;;;;;;;--;--;Cell not found in the clf database!;2022/12/07;09:08:52;HOME
44011;4;71525639;279397;7;211;33;1500;1800 B3;-63;-79;-8;-0.3;;0;;;35.699371;139.765784;0;5;0;0;20000;20;1;none;;;;;;;;;;--;--;Cell not found in the clf database!;2022/12/07;09:08:53;HOME
44011;4;71525639;279397;7;211;33;1500;1800 B3;-63;-79;-8;-0.3;;0;;;35.699372;139.765783;0;5;7;6;20000;20;1;none;;;;;;;;;;--;--;Cell not found in the clf database!;2022/12/07;09:08:54;HOME
44011;4;71525639;279397;7;211;33;1500;1800 B3;-63;-79;-8;-0.3;;0;;;35.699370;139.765782;0;5;0;0;20000;20;1;none;;;;;;;;;;--;--;Cell not found in the clf database!;2022/12/07;09:08:55;HOME
44011;4;71525639;279397;7;211;33;1500;1800 B3;-63;-76;-11;-0.3;;0;;;35.699368;139.765780;0;5;1;1;20000;20;1;none;;;;;;;;;;--;--;Cell not found in the clf database!;2022/12/07;09:08:56;HOME
44011;4;71525639;279397;7;211;33;1500;1800 B3;-63;-76;-11;-0.3;;0;;;35.699368;139.765780;0;5;0;0;20000;20;1;none;;;;;;;;;;--;--;Cell not found in the clf database!;2022/12/07;09:08:57;HOME
44011;4;71525639;279397;7;211;33;1500;1800 B3;-63;-76;-11;-0.3;;0;;;35.699369;139.765780;0;5;3;1;20000;20;1;none;;;;;;;;;;--;--;Cell not found in the clf database!;2022/12/07;09:08:58;HOME
44011;4;71525639;279397;7;211;33;1500;1800 B3;-63;-79;-10;-0.3;;1;;;35.699369;139.765780;0;6;0;1;20000;20;1;none;;;;;;;;;;--;--;Cell not found in the clf database!;2022/12/07;09:08:59;HOME
44011;4;71525639;279397;7;211;33;1500;1800 B3;-63;-79;-10;-0.3;;1;;;35.699369;139.765779;0;6;3;7;20000;20;1;none;;;;;;;;;;--;--;Cell not found in the clf database!;2022/12/07;09:09:00;HOME
44011;4;71525639;279397;7;211;33;1500;1800 B3;-63;-78;-9;-0.3;;1;;;35.699370;139.765778;0;7;0;0;20000;20;1;none;;;;;;;;;;--;--;Cell not found in the clf database!;2022/12/07;09:09:01;HOME
44011;4;71525639;279397;7;211;33;1500;1800 B3;-63;-78;-9;-0.3;;1;;;35.699370;139.765778;0;8;1;1;20000;20;1;none;;;;;;;;;;--;--;Cell not found in the clf database!;2022/12/07;09:09:02;HOME
44011;4;71525639;279397;7;211;33;1500;1800 B3;-63;-78;-9;-0.3;;1;;;35.699370;139.765778;0;9;80;95;20000;20;1;none;;;;;;;;;;--;--;Cell not found in the clf database!;2022/12/07;09:09:03;HOME
44011;4;71525639;279397;7;211;33;1500;1800 B3;-63;-80;-11;-0.3;;1;;;35.699370;139.765778;0;10;0;0;20000;20;1;none;;;;;;;;;;--;--;Cell not found in the clf database!;2022/12/07;09:09:04;HOME
44011;4;71525639;279397;7;211;33;1500;1800 B3;-63;-80;-11;-0.3;;1;;;35.699370;139.765778;0;10;0;0;20000;20;1;none;;;;;;;;;;--;--;Cell not found in the clf database!;2022/12/07;09:09:05;HOME
44011;4;71525639;279397;7;211;33;1500;1800 B3;-63;-79;-11;-0.3;;0;;;35.699370;139.765779;0;10;0;0;20000;20;1;none;;;;;;;;;;--;--;Cell not found in the clf database!;2022/12/07;09:09:06;HOME
44011;4;71525639;279397;7;211;33;1500;1800 B3;-63;-79;-11;-0.3;;0;;;35.699369;139.765779;0;10;0;0;20000;20;1;connected;;;;;;;;;;--;--;Cell not found in the clf database!;2022/12/07;09:09:07;HOME
44011;4;71525639;279397;7;211;33;1500;1800 B3;-63;-80;-11;-0.3;;0;;;35.699369;139.765779;0;10;0;0;20000;20;1;connected;;;;;;;;;;--;--;Cell not found in the clf database!;2022/12/07;09:09:08;HOME
44011;4;71525639;279397;7;211;33;1500;1800 B3;-63;-80;-11;-0.3;;0;;;35.699369;139.765780;0;10;1;1;20000;20;1;connected;;;;;;;;;;--;--;Cell not found in the clf database!;2022/12/07;09:09:09;HOME
44011;4;71525639;279397;7;211;33;1500;1800 B3;-63;-80;-11;-0.3;;0;;;35.699369;139.765780;0;10;0;0;20000;20;1;connected;;;;;;;;;;--;--;Cell not found in the clf database!;2022/12/07;09:09:10;HOME
44011;4;71525639;279397;7;211;33;1500;1800 B3;-63;-78;-11;-0.3;;1;;;35.699369;139.765780;0;10;0;0;20000;20;1;connected;;;;;;;;;;--;--;Cell not found in the clf database!;2022/12/07;09:09:11;HOME
44011;4;71525639;279397;7;211;33;1500;1800 B3;-63;-78;-11;-0.3;;1;;;35.699369;139.765780;0;10;0;0;20000;20;1;connected;;;;;;;;;;--;--;Cell not found in the clf database!;2022/12/07;09:09:12;HOME
44011;4;71525639;279397;7;211;33;1500;1800 B3;-63;-78;-11;-0.3;;1;;;35.699368;139.765780;0;10;0;0;20000;20;1;connected;;;;;;;;;;--;--;Cell not found in the clf database!;2022/12/07;09:09:13;HOME
44011;4;71525639;279397;7;211;33;1500;1800 B3;-63;-80;-12;-0.3;;1;;;35.699368;139.765781;0;10;1;2;20000;20;1;connected;;;;;;;;;;--;--;Cell not found in the clf database!;2022/12/07;09:09:14;HOME
44011;4;71525639;279397;7;211;33;1500;1800 B3;-63;-80;-12;-0.3;;1;;;35.699367;139.765781;0;10;0;0;20000;20;1;connected;;;;;;;;;;--;--;Cell not found in the clf database!;2022/12/07;09:09:15;HOME
44011;4;71525639;279397;7;211;33;1500;1800 B3;-63;-79;-12;-0.3;;1;;;35.699367;139.765782;0;10;0;0;20000;20;1;connected;;;;;;;;;;--;--;Cell not found in the clf database!;2022/12/07;09:09:16;HOME
44011;4;71525639;279397;7;211;33;1500;1800 B3;-63;-79;-12;-0.3;;1;;;35.699366;139.765782;0;10;0;0;20000;20;1;connected;;;;;;;;;;--;--;Cell not found in the clf database!;2022/12/07;09:09:17;HOME
44011;4;71525639;279397;7;211;33;1500;1800 B3;-63;-79;-12;-0.3;;1;;;35.699366;139.765783;0;11;1;2;20000;20;1;connected;;;;;;;;;;--;--;Cell not found in the clf database!;2022/12/07;09:09:18;HOME
44011;4;71525639;279397;7;211;33;1500;1800 B3;-63;-80;-12;-0.3;;1;;;35.699366;139.765783;0;11;0;0;20000;20;1;connected;;;;;;;;;;--;--;Cell not found in the clf database!;2022/12/07;09:09:19;HOME
44011;4;71525639;279397;7;211;33;1500;1800 B3;-63;-80;-12;-0.3;;1;;;35.699366;139.765784;0;11;0;0;20000;20;1;connected;;;;;;;;;;--;--;Cell not found in the clf database!;2022/12/07;09:09:20;HOME
44011;4;71525639;279397;7;211;33;1500;1800 B3;-63;-76;-11;-0.3;;1;;;35.699366;139.765784;0;11;1;1;20000;20;1;connected;;;;;;;;;;--;--;Cell not found in the clf database!;2022/12/07;09:09:21;HOME
44011;4;71525639;279397;7;211;33;1500;1800 B3;-63;-76;-11;-0.3;;1;;;35.699366;139.765785;0;11;1;2;20000;20;1;connected;;;;;;;;;;--;--;Cell not found in the clf database!;2022/12/07;09:09:22;HOME
44011;4;71525639;279397;7;211;33;1500;1800 B3;-63;-79;-13;-0.3;;1;;;35.699366;139.765785;0;11;0;0;20000;20;1;connected;;;;;;;;;;--;--;Cell not found in the clf database!;2022/12/07;09:09:23;HOME
44011;4;71525639;279397;7;211;33;1500;1800 B3;-63;-79;-13;-0.3;;1;;;35.699367;139.765785;0;11;0;0;20000;20;1;connected;;;;;;;;;;--;--;Cell not found in the clf database!;2022/12/07;09:09:24;HOME
44011;4;71525639;279397;7;211;33;1500;1800 B3;-63;-81;-11;-0.3;;1;;;35.699367;139.765786;0;11;0;0;20000;20;1;connected;;;;;;;;;;--;--;Cell not found in the clf database!;2022/12/07;09:09:25;HOME
44011;4;71525639;279397;7;211;33;1500;1800 B3;-63;-81;-11;-0.3;;1;;;35.699367;139.765786;0;11;0;0;20000;20;1;connected;;;;;;;;;;--;--;Cell not found in the clf database!;2022/12/07;09:09:26;HOME
44011;4;71525639;279397;7;211;33;1500;1800 B3;-63;-81;-11;-0.3;;1;;;35.699367;139.765786;0;11;0;0;20000;20;1;connected;;;;;;;;;;--;--;Cell not found in the clf database!;2022/12/07;09:09:27;HOME
44011;4;71525639;279397;7;211;33;1500;1800 B3;-63;-81;-13;-0.3;;1;;;35.699367;139.765786;0;10;8;3;20000;20;1;connected;;;;;;;;;;--;--;Cell not found in the clf database!;2022/12/07;09:09:28;HOME
44011;4;71525639;279397;7;211;33;1500;1800 B3;-63;-81;-13;-0.3;;1;;;35.699367;139.765787;0;10;1;1;20000;20;1;connected;;;;;;;;;;--;--;Cell not found in the clf database!;2022/12/07;09:09:29;HOME
44011;4;71525639;279397;7;211;33;1500;1800 B3;-63;-83;-12;-0.3;;1;;;35.699367;139.765788;0;10;0;0;20000;20;1;connected;;;;;;;;;;--;--;Cell not found in the clf database!;2022/12/07;09:09:30;HOME
44011;4;71525639;279397;7;211;33;1500;1800 B3;-63;-83;-12;-0.3;;1;;;35.699367;139.765788;0;10;0;0;20000;20;1;connected;;;;;;;;;;--;--;Cell not found in the clf database!;2022/12/07;09:09:31;HOME
44011;4;71525639;279397;7;211;33;1500;1800 B3;-63;-81;-11;-0.3;;1;;;35.699367;139.765788;0;10;0;0;20000;20;1;connected;;;;;;;;;;--;--;Cell not found in the clf database!;2022/12/07;09:09:32;HOME
44011;4;71525639;279397;7;211;33;1500;1800 B3;-63;-81;-11;-0.3;;1;;;35.699367;139.765788;0;10;0;0;20000;20;1;connected;;;;;;;;;;--;--;Cell not found in the clf database!;2022/12/07;09:09:33;HOME
44011;4;71525639;279397;7;211;33;1500;1800 B3;-63;-81;-11;-0.3;;1;;;35.699367;139.765788;0;11;0;0;20000;20;1;connected;;;;;;;;;;--;--;Cell not found in the clf database!;2022/12/07;09:09:34;HOME
44011;4;71525639;279397;7;211;33;1500;1800 B3;-63;-82;-14;-0.3;;1;;;35.699367;139.765789;0;11;0;0;20000;20;1;connected;;;;;;;;;;--;--;Cell not found in the clf database!;2022/12/07;09:09:35;HOME
44011;4;71525639;279397;7;211;33;1500;1800 B3;-63;-82;-14;-0.3;;1;;;35.699366;139.765789;0;11;58;42;20000;20;1;connected;;;;;;;;;;--;--;Cell not found in the clf database!;2022/12/07;09:09:36;HOME
44011;4;71525639;279397;7;211;33;1500;1800 B3;-63;-83;-12;-0.3;;1;;;35.699366;139.765789;0;11;52;15;20000;20;1;connected;;;;;;;;;;--;--;Cell not found in the clf database!;2022/12/07;09:09:37;HOME
44011;4;71525639;279397;7;211;33;1500;1800 B3;-63;-83;-12;-0.3;;1;;;35.699366;139.765789;0;11;0;0;20000;20;1;connected;;;;;;;;;;--;--;Cell not found in the clf database!;2022/12/07;09:09:38;HOME
44011;4;71525639;279397;7;211;33;1500;1800 B3;-63;-83;-12;-0.3;;1;;;35.699366;139.765789;0;11;77;41;20000;20;1;connected;;;;;;;;;;--;--;Cell not found in the clf database!;2022/12/07;09:09:39;HOME
44011;4;71525639;279397;7;211;33;1500;1800 B3;-63;-79;-11;-0.3;;1;;;35.699365;139.765790;0;11;70;43;20000;20;1;connected;;;;;;;;;;--;--;Cell not found in the clf database!;2022/12/07;09:09:40;HOME
44011;4;71525639;279397;7;211;33;1500;1800 B3;-63;-79;-11;-0.3;;1;;;35.699365;139.765790;0;11;53;9;20000;20;1;connected;;;;;;;;;;--;--;Cell not found in the clf database!;2022/12/07;09:09:41;HOME
44011;4;71525639;279397;7;211;33;1500;1800 B3;-63;-78;-11;-0.3;;1;;;35.699365;139.765790;0;11;39;2;20000;20;1;connected;;;;;;;;;;--;--;Cell not found in the clf database!;2022/12/07;09:09:42;HOME
44011;4;71525639;279397;7;211;33;1500;1800 B3;-63;-78;-11;-0.3;;1;;;35.699365;139.765790;0;11;14;5;20000;20;1;connected;;;;;;;;;;--;--;Cell not found in the clf database!;2022/12/07;09:09:43;HOME
44011;4;71525639;279397;7;211;33;1500;1800 B3;-63;-78;-11;-0.3;;1;;;35.699365;139.765790;0;11;45;37;20000;20;1;connected;;;;;;;;;;--;--;Cell not found in the clf database!;2022/12/07;09:09:44;HOME
44011;4;71525639;279397;7;211;33;1500;1800 B3;-63;-77;-8;-0.3;;1;;;35.699364;139.765790;0;11;12;8;20000;20;1;connected;;;;;;;;;;--;--;Cell not found in the clf database!;2022/12/07;09:09:45;HOME
44011;4;71525639;279397;7;211;33;1500;1800 B3;-63;-77;-8;-0.3;;1;;;35.699364;139.765791;0;11;46;12;20000;20;1;connected;;;;;;;;;;--;--;Cell not found in the clf database!;2022/12/07;09:09:46;HOME
44011;4;71525639;279397;7;211;33;1500;1800 B3;-63;-80;-11;-0.3;;1;;;35.699364;139.765791;0;10;32;13;20000;20;1;connected;;;;;;;;;;--;--;Cell not found in the clf database!;2022/12/07;09:09:47;HOME
44011;4;71525639;279397;7;211;33;1500;1800 B3;-63;-80;-11;-0.3;;1;;;35.699364;139.765791;0;10;1;0;20000;20;1;connected;;;;;;;;;;--;--;Cell not found in the clf database!;2022/12/07;09:09:48;HOME
44011;4;71525639;279397;7;211;33;1500;1800 B3;-63;-80;-11;-0.3;;1;;;35.699364;139.765791;0;10;0;0;20000;20;1;connected;;;;;;;;;;--;--;Cell not found in the clf database!;2022/12/07;09:09:49;HOME
44011;4;71525639;279397;7;211;33;1500;1800 B3;-63;-85;-13;-0.3;;1;;;35.699364;139.765791;0;11;1;1;20000;20;1;none;;;;;;;;;;--;--;Cell not found in the clf database!;2022/12/07;09:09:50;HOME
44011;4;71525639;279397;7;211;33;1500;1800 B3;-63;-85;-13;-0.3;;1;;;35.699364;139.765791;0;11;37;35;20000;20;1;none;;;;;;;;;;--;--;Cell not found in the clf database!;2022/12/07;09:09:51;HOME
44011;4;71525639;279397;7;211;33;1500;1800 B3;-63;-85;-13;-0.3;;1;;;35.699364;139.765791;0;11;1;1;20000;20;1;none;;;;;;;;;;--;--;Cell not found in the clf database!;2022/12/07;09:09:52;HOME
44011;4;71525639;279397;7;211;33;1500;1800 B3;-51;-83;-12;1.5;;0;;;35.699364;139.765792;0;11;5;7;20000;20;1;none;;;;;;;;;;--;--;Cell not found in the clf database!;2022/12/07;09:09:53;HOME
44011;4;71525639;279397;7;211;33;1500;1800 B3;-57;-83;-12;1.3;;0;;;35.699364;139.765792;0;11;0;0;20000;20;1;none;;;;;;;;;;--;--;Cell not found in the clf database!;2022/12/07;09:09:54;HOME
44011;4;71525639;279397;7;211;33;1500;1800 B3;-57;-83;-11;1.3;;1;;;35.699364;139.765792;0;11;0;0;20000;20;1;none;;;;;;;;;;--;--;Cell not found in the clf database!;2022/12/07;09:09:55;HOME
44011;4;71525639;279397;7;211;33;1500;1800 B3;-57;-83;-11;1.3;;1;;;35.699364;139.765792;0;11;0;0;20000;20;1;none;;;;;;;;;;--;--;Cell not found in the clf database!;2022/12/07;09:09:56;HOME
44011;4;71525639;279397;7;211;33;1500;1800 B3;-57;-83;-11;1.3;;1;;;35.699364;139.765792;0;11;0;0;20000;20;1;none;;;;;;;;;;--;--;Cell not found in the clf database!;2022/12/07;09:09:57;HOME
44011;4;71525639;279397;7;211;33;1500;1800 B3;-57;-83;-13;1.3;;1;;;35.699364;139.765792;0;11;1;2;20000;20;1;none;;;;;;;;;;--;--;Cell not found in the clf database!;2022/12/07;09:09:58;HOME
44011;4;71525639;279397;7;211;33;1500;1800 B3;-57;-83;-13;1.3;;1;;;35.699364;139.765792;0;11;3;0;20000;20;1;none;;;;;;;;;;--;--;Cell not found in the clf database!;2022/12/07;09:09:59;HOME
44011;4;71525639;279397;7;211;33;1500;1800 B3;-57;-86;-11;1.3;;0;;;35.699364;139.765792;0;11;33;66;20000;20;1;none;;;;;;;;;;--;--;Cell not found in the clf database!;2022/12/07;09:10:00;HOME
44011;4;71525639;279397;7;211;33;1500;1800 B3;-57;-86;-11;1.3;;0;;;35.699365;139.765743;10;11;0;0;20000;20;1;none;;;;;;;;;;--;--;Cell not found in the clf database!;2022/12/07;09:10:01;HOME
44011;4;71525639;279397;7;211;33;1500;1800 B3;-57;-86;-11;1.3;;0;;;35.699370;139.765692;13;11;188;36;20000;20;1;none;;;;;;;;;;--;--;Cell not found in the clf database!;2022/12/07;09:10:02;HOME
44011;4;71525639;279397;7;211;33;1500;1800 B3;-57;-97;-12;1.3;;1;;;35.699370;139.765692;13;11;81;175;20000;20;1;none;;;;;;;;;;--;--;Cell not found in the clf database!;2022/12/07;09:10:03;HOME
44011;4;71525639;279397;7;211;33;1500;1800 B3;-57;-97;-12;1.3;;1;;;35.699370;139.765692;13;11;0;0;20000;20;1;none;;;;;;;;;;--;--;Cell not found in the clf database!;2022/12/07;09:10:04;HOME
44011;4;71525639;279397;7;211;33;1500;1800 B3;-57;-97;-12;1.3;;1;;;35.699370;139.765692;13;11;0;0;20000;20;1;none;;;;;;;;;;--;--;Cell not found in the clf database!;2022/12/07;09:10:05;HOME
44011;4;71525639;279397;7;211;33;1500;1800 B3;-57;-91;-11;1.3;;1;;;35.699369;139.765638;13;16;4;10;20000;20;1;none;;;;;;;;;;--;--;Cell not found in the clf database!;2022/12/07;09:10:06;HOME
44011;4;71525639;279397;7;211;33;1500;1800 B3;-57;-91;-11;1.3;;1;;;35.699369;139.765638;13;16;84;4;20000;20;1;none;;;;;;;;;;--;--;Cell not found in the clf database!;2022/12/07;09:10:07;HOME
44011;4;71525639;279397;7;211;33;1500;1800 B3;-57;-91;-11;1.3;;1;;;35.699369;139.765638;13;16;0;0;20000;20;1;none;;;;;;;;;;--;--;Cell not found in the clf database!;2022/12/07;09:10:08;HOME
44011;4;71525639;279397;7;211;33;1500;1800 B3;-57;-82;-11;1.3;;1;;;35.699369;139.765638;13;16;0;0;20000;20;1;none;;;;;;;;;;--;--;Cell not found in the clf database!;2022/12/07;09:10:09;HOME
44011;4;71525639;279397;7;211;33;1500;1800 B3;-57;-82;-11;1.3;;1;;;35.699369;139.765638;13;16;5;3;20000;20;1;none;;;;;;;;;;--;--;Cell not found in the clf database!;2022/12/07;09:10:10;HOME
44011;4;71525639;279397;7;211;33;1500;1800 B3;-57;-86;-13;1.3;;1;;;35.699367;139.765455;13;96;0;0;20000;20;1;none;;;;;;;;;;--;--;Cell not found in the clf database!;2022/12/07;09:10:11;HOME
44011;4;71525639;279397;7;211;33;1500;1800 B3;-57;-86;-13;1.3;;1;;;35.699367;139.765455;13;96;20;2;20000;20;1;none;;;;;;;;;;--;--;Cell not found in the clf database!;2022/12/07;09:10:12;HOME
44011;4;71525639;279397;7;211;33;1500;1800 B3;-57;-86;-13;1.3;;1;;;35.699367;139.765455;13;96;0;0;20000;20;1;none;;;;;;;;;;--;--;Cell not found in the clf database!;2022/12/07;09:10:13;HOME
44011;4;71525639;279397;7;211;33;1500;1800 B3;-57;-89;-13;1.3;;1;;;35.699367;139.765455;13;96;0;0;20000;20;1;none;;;;;;;;;;--;--;Cell not found in the clf database!;2022/12/07;09:10:14;HOME
44011;4;71525639;279397;7;211;33;1500;1800 B3;-57;-89;-13;1.3;;1;;;35.699365;139.765258;13;600;0;0;20000;20;1;none;;;;;;;;;;--;--;Cell not found in the clf database!;2022/12/07;09:10:15;HOME
44011;4;71525639;279397;7;211;33;1500;1800 B3;-57;-89;-14;1.3;;1;;;35.699365;139.765258;13;600;14;0;20000;20;1;none;;;;;;;;;;--;--;Cell not found in the clf database!;2022/12/07;09:10:16;HOME
44011;4;71525639;279397;7;211;33;1500;1800 B3;-57;-89;-14;1.3;;1;;;35.699365;139.765258;13;600;1;2;20000;20;1;none;;;;;;;;;;--;--;Cell not found in the clf database!;2022/12/07;09:10:17;HOME
44011;4;71525640;279397;8;211;158;1500;1800 B3;-57;-85;-10;1.3;;;;;35.699365;139.765258;13;600;0;0;20000;20;1;none;;;;;;;;;;--;--;Cell not found in the clf database!;2022/12/07;09:10:18;HOME
44011;4;71525640;279397;8;211;158;1500;1800 B3;-57;-85;-10;1.3;;1;;;35.699365;139.765258;13;600;0;0;20000;20;1;none;;;;;;;;;;--;--;Cell not found in the clf database!;2022/12/07;09:10:19;HOME
44011;4;71525640;279397;8;211;158;1500;1800 B3;-57;-85;-10;1.3;;1;;;35.699365;139.765258;13;600;0;0;20000;20;1;none;;;;;;;;;;--;--;Cell not found in the clf database!;2022/12/07;09:10:20;HOME
44011;4;71525640;279397;8;211;158;1500;1800 B3;-57;-80;-11;1.3;;1;;;35.699365;139.765258;13;600;0;0;20000;20;1;none;;;;;;;;;;--;--;Cell not found in the clf database!;2022/12/07;09:10:21;HOME
44011;4;71525640;279397;8;211;158;1500;1800 B3;-57;-80;-11;1.3;;1;;;35.699678;139.764167;38;49;25;5;20000;20;1;none;;;;;;;;;;--;--;Cell not found in the clf database!;2022/12/07;09:10:22;HOME
44011;4;71525640;279397;8;211;158;1500;1800 B3;-57;-79;-9;1.3;;1;;;35.699678;139.764167;38;49;6;160;20000;20;1;none;;;;;;;;;;--;--;Cell not found in the clf database!;2022/12/07;09:10:23;HOME
44011;4;71525640;279397;8;211;158;1500;1800 B3;-57;-79;-9;1.3;;1;;;35.699678;139.764167;38;49;0;0;20000;20;1;none;;;;;;;;;;--;--;Cell not found in the clf database!;2022/12/07;09:10:24;HOME
44011;4;71525640;279397;8;211;158;1500;1800 B3;-57;-79;-9;1.3;;1;;;35.700510;139.762933;54;41;0;0;20000;20;1;none;;;;;;;;;;--;--;Cell not found in the clf database!;2022/12/07;09:10:25;HOME
44011;4;71525640;279397;8;211;158;1500;1800 B3;-57;-86;-12;1.3;;1;;;35.700792;139.762489;55;38;5;70;20000;20;1;none;;;;;;;;;;--;--;Cell not found in the clf database!;2022/12/07;09:10:26;HOME
44011;4;71525640;279397;8;211;158;1500;1800 B3;-57;-86;-12;1.3;;1;;;35.700861;139.762336;54;35;0;0;20000;20;1;none;;;;;;;;;;--;--;Cell not found in the clf database!;2022/12/07;09:10:27;HOME
44011;4;71525640;279397;8;211;158;1500;1800 B3;-57;-92;-11;1.3;;1;;;35.700920;139.762194;52;34;2;1;20000;20;1;none;;;;;;;;;;--;--;Cell not found in the clf database!;2022/12/07;09:10:28;HOME
44011;4;71525640;279397;8;211;158;1500;1800 B3;-57;-92;-11;1.3;;1;;;35.700963;139.762049;51;31;0;0;20000;20;1;none;;;;;;;;;;--;--;Cell not found in the clf database!;2022/12/07;09:10:29;HOME
44011;4;71525640;279397;8;211;158;1500;1800 B3;-57;-92;-11;1.3;;1;;;35.701009;139.761900;50;30;0;0;20000;20;1;none;;;;;;;;;;--;--;Cell not found in the clf database!;2022/12/07;09:10:30;HOME
44011;4;71525640;279397;8;211;158;1500;1800 B3;-57;-99;-14;1.3;;1;;;35.701115;139.761596;49;27;0;0;20000;20;1;none;;;;;;;;;;--;--;Cell not found in the clf database!;2022/12/07;09:10:31;HOME
44011;4;71525640;279397;8;211;158;1500;1800 B3;-57;-99;-14;1.3;;1;;;35.701149;139.761466;51;26;21;2;20000;20;1;none;;;;;;;;;;--;--;Cell not found in the clf database!;2022/12/07;09:10:32;HOME
44011;4;71525640;279397;8;211;158;1500;1800 B3;-57;-102;-13;1.3;;1;;;35.701186;139.761330;52;25;0;0;20000;20;1;none;;;;;;;;;;--;--;Cell not found in the clf database!;2022/12/07;09:10:33;HOME
44011;4;71525640;279397;8;211;158;1500;1800 B3;-57;-102;-13;1.3;;1;;;35.701224;139.761187;52;24;0;0;20000;20;1;none;;;;;;;;;;--;--;Cell not found in the clf database!;2022/12/07;09:10:34;HOME
44011;4;71525640;279397;8;211;158;1500;1800 B3;-57;-102;-13;1.3;;1;;;35.701260;139.761041;53;24;0;0;20000;20;1;none;;;;;;;;;;--;--;Cell not found in the clf database!;2022/12/07;09:10:35;HOME
44011;4;71525640;279397;8;211;158;1500;1800 B3;-63;-97;-12;0.1;;2;;;35.701295;139.760899;52;23;0;0;20000;20;1;none;;;;;;;;;;--;--;Cell not found in the clf database!;2022/12/07;09:10:36;HOME
44011;4;71525640;279397;8;211;158;1500;1800 B3;-63;-97;-12;0.1;;2;;;35.701318;139.760757;50;21;0;0;20000;20;1;none;;;;;;;;;;--;--;Cell not found in the clf database!;2022/12/07;09:10:37;HOME
44011;4;71525640;279397;8;211;158;1500;1800 B3;-63;-98;-17;0.1;;1;;;35.701344;139.760616;50;20;0;0;20000;20;1;none;;;;;;;;;;--;--;Cell not found in the clf database!;2022/12/07;09:10:38;HOME
44011;4;71525640;279397;8;211;158;1500;1800 B3;-63;-98;-17;0.1;;1;;;35.701373;139.760467;50;19;0;0;20000;20;1;none;;;;;;;;;;--;--;Cell not found in the clf database!;2022/12/07;09:10:39;HOME
44011;4;71525640;279397;8;211;158;1500;1800 B3;-63;-98;-17;0.1;;1;;;35.701398;139.760321;49;18;0;0;20000;20;1;none;;;;;;;;;;--;--;Cell not found in the clf database!;2022/12/07;09:10:40;HOME
44011;4;71621121;279770;1;214;110;1500;1800 B3;-63;-88;-10;0.1;;;;;35.701403;139.760182;47;17;0;0;20000;20;1;none;;;;;;;;;;--;--;Cell not found in the clf database!;2022/12/07;09:10:41;HOME
44011;4;71621121;279770;1;214;110;1500;1800 B3;-63;-88;-10;0.1;;0;;;35.701394;139.760044;45;16;0;0;20000;20;1;none;;;;;;;;;;--;--;Cell not found in the clf database!;2022/12/07;09:10:42;HOME
44011;4;71621121;279770;1;214;110;1500;1800 B3;-63;-88;-10;0.1;;0;;;35.701387;139.759899;46;16;0;0;20000;20;1;none;;;;;;;;;;--;--;Cell not found in the clf database!;2022/12/07;09:10:43;HOME
44011;4;71575553;279592;1;214;260;1500;1800 B3;-63;-98;-10;0.1;;;;;35.701382;139.759755;46;16;0;0;20000;20;1;none;;;;;;;;;;--;--;Cell not found in the clf database!;2022/12/07;09:10:44;HOME
44011;4;71575553;279592;1;214;260;1500;1800 B3;-63;-98;-10;0.1;;1;;;35.701386;139.759609;47;16;1;1;20000;20;1;none;;;;;;;;;;--;--;Cell not found in the clf database!;2022/12/07;09:10:45;HOME
44011;4;71575553;279592;1;214;260;1500;1800 B3;-63;-92;-9;0.1;;1;;;35.701375;139.759446;50;16;0;0;20000;20;1;none;;;;;;;;;;--;--;Cell not found in the clf database!;2022/12/07;09:10:46;HOME
44011;4;71575553;279592;1;214;260;1500;1800 B3;-63;-92;-9;0.1;;1;;;35.701370;139.759275;51;15;0;0;20000;20;1;none;;;;;;;;;;--;--;Cell not found in the clf database!;2022/12/07;09:10:47;HOME
44011;4;71575553;279592;1;214;260;1500;1800 B3;-55;-87;-9;1.4;;1;;;35.701356;139.759095;53;14;0;0;20000;20;1;none;;;;;;;;;;--;--;Cell not found in the clf database!;2022/12/07;09:10:48;HOME
44011;4;71575553;279592;1;214;260;1500;1800 B3;-55;-87;-9;1.4;;1;;;35.701344;139.758916;54;14;0;0;20000;20;1;none;;;;;;;;;;--;--;Cell not found in the clf database!;2022/12/07;09:10:49;HOME
44011;4;71575553;279592;1;214;260;1500;1800 B3;-55;-87;-9;1.4;;1;;;35.701325;139.758744;54;13;0;0;20000;20;1;none;;;;;;;;;;--;--;Cell not found in the clf database!;2022/12/07;09:10:50;HOME
44011;4;71575553;279592;1;214;260;1500;1800 B3;-55;-79;-8;1.4;;0;;;35.701308;139.758573;53;12;0;0;20000;20;1;none;;;;;;;;;;--;--;Cell not found in the clf database!;2022/12/07;09:10:51;HOME
44011;4;71575553;279592;1;214;260;1500;1800 B3;-55;-79;-8;1.4;;0;;;35.701290;139.758409;53;11;0;0;20000;20;1;none;;;;;;;;;;--;--;Cell not found in the clf database!;2022/12/07;09:10:52;HOME
44011;4;71575553;279592;1;214;260;1500;1800 B3;-55;-72;-9;1.4;;0;;;35.701270;139.758244;53;10;0;0;20000;20;1;none;;;;;;;;;;--;--;Cell not found in the clf database!;2022/12/07;09:10:53;HOME
44011;4;71575553;279592;1;214;260;1500;1800 B3;-55;-72;-9;1.4;;0;;;35.701263;139.758015;53;10;0;0;20000;20;1;none;;;;;;;;;;--;--;Cell not found in the clf database!;2022/12/07;09:10:54;HOME
44011;4;71575553;279592;1;214;260;1500;1800 B3;-55;-72;-9;1.4;;0;;;35.701268;139.757877;55;9;0;0;20000;20;1;none;;;;;;;;;;--;--;Cell not found in the clf database!;2022/12/07;09:10:55;HOME
44011;4;71575553;279592;1;214;260;1500;1800 B3;-55;-85;-10;1.4;;0;;;35.701278;139.757722;54;8;0;0;20000;20;1;none;;;;;;;;;;--;--;Cell not found in the clf database!;2022/12/07;09:10:56;HOME
44011;4;71575553;279592;1;214;260;1500;1800 B3;-55;-85;-10;1.4;;0;;;35.701296;139.757570;51;8;0;0;20000;20;1;none;;;;;;;;;;--;--;Cell not found in the clf database!;2022/12/07;09:10:57;HOME
44011;4;71575553;279592;1;214;260;1500;1800 B3;-55;-85;-10;1.4;;0;;;35.701324;139.757416;52;7;0;0;20000;20;1;none;;;;;;;;;;--;--;Cell not found in the clf database!;2022/12/07;09:10:58;HOME
44011;4;71575553;279592;1;214;260;1500;1800 B3;-55;-95;-18;1.4;;0;;;35.701352;139.757251;53;7;0;0;20000;20;1;none;;;;;;;;;;--;--;Cell not found in the clf database!;2022/12/07;09:10:59;HOME
44011;4;71575553;279592;1;214;260;1500;1800 B3;-55;-95;-18;1.4;;0;;;35.701390;139.757087;54;7;0;0;20000;20;1;none;;;;;;;;;;--;--;Cell not found in the clf database!;2022/12/07;09:11:00;HOME
44011;4;71524869;279394;5;214;199;1500;1800 B3;-55;-87;-13;1.4;;;;;35.701434;139.756931;54;6;0;0;20000;20;1;none;;;;;;;;;;--;--;Cell not found in the clf database!;2022/12/07;09:11:01;HOME
44011;4;71524869;279394;5;214;199;1500;1800 B3;-55;-87;-13;1.4;;1;;;35.701467;139.756770;54;6;62;33;20000;20;1;none;;;;;;;;;;--;--;Cell not found in the clf database!;2022/12/07;09:11:02;HOME
44011;4;71524869;279394;5;214;199;1500;1800 B3;-55;-87;-13;1.4;;1;;;35.701500;139.756601;54;6;3;12;20000;20;1;none;;;;;;;;;;--;--;Cell not found in the clf database!;2022/12/07;09:11:03;HOME
44011;4;71575554;279592;2;214;241;1500;1800 B3;-55;-85;-12;1.4;;;;;35.701540;139.756428;54;6;0;0;20000;20;1;none;;;;;;;;;;--;--;Cell not found in the clf database!;2022/12/07;09:11:04;HOME
44011;4;71575554;279592;2;214;241;1500;1800 B3;-55;-85;-12;1.4;;1;;;35.701583;139.756266;55;6;0;0;20000;20;1;none;;;;;;;;;;--;--;Cell not found in the clf database!;2022/12/07;09:11:05;HOME
44011;4;71575554;279592;2;214;241;1500;1800 B3;-55;-88;-12;1.4;;0;;;35.701620;139.756100;53;5;0;0;20000;20;1;none;;;;;;;;;;--;--;Cell not found in the clf database!;2022/12/07;09:11:06;HOME
44011;4;71575554;279592;2;214;241;1500;1800 B3;-55;-88;-12;1.4;;0;;;35.701656;139.755948;51;5;0;0;20000;20;1;none;;;;;;;;;;--;--;Cell not found in the clf database!;2022/12/07;09:11:07;HOME
44011;4;71575554;279592;2;214;241;1500;1800 B3;-55;-85;-12;1.4;;0;;;35.701688;139.755805;49;5;0;0;20000;20;1;none;;;;;;;;;;--;--;Cell not found in the clf database!;2022/12/07;09:11:08;HOME
44011;4;71575554;279592;2;214;241;1500;1800 B3;-55;-85;-12;1.4;;0;;;35.701726;139.755662;47;5;0;0;20000;20;1;none;;;;;;;;;;--;--;Cell not found in the clf database!;2022/12/07;09:11:09;HOME
44011;4;71575554;279592;2;214;241;1500;1800 B3;-55;-85;-12;1.4;;0;;;35.701762;139.755524;45;5;0;0;20000;20;1;none;;;;;;;;;;--;--;Cell not found in the clf database!;2022/12/07;09:11:10;HOME
44011;4;71575554;279592;2;214;241;1500;1800 B3;-55;-86;-16;1.4;;2;;;35.701787;139.755382;43;5;0;0;20000;20;1;none;;;;;;;;;;--;--;Cell not found in the clf database!;2022/12/07;09:11:11;HOME
44011;4;71575554;279592;2;214;241;1500;1800 B3;-55;-86;-16;1.4;;2;;;35.701804;139.755255;41;5;0;0;20000;20;1;none;;;;;;;;;;--;--;Cell not found in the clf database!;2022/12/07;09:11:12;HOME
44011;4;71575554;279592;2;214;241;1500;1800 B3;-55;-86;-16;1.4;;2;;;35.701832;139.755141;38;5;0;0;20000;20;1;none;;;;;;;;;;--;--;Cell not found in the clf database!;2022/12/07;09:11:13;HOME
44011;4;71524872;279394;8;214;202;1500;1800 B3;-55;-78;-9;1.4;;;;;35.701837;139.755043;36;5;0;0;20000;20;1;none;;;;;;;;;;--;--;Cell not found in the clf database!;2022/12/07;09:11:14;HOME
44011;4;71524872;279394;8;214;202;1500;1800 B3;-55;-78;-9;1.4;;0;;;35.701849;139.754937;36;5;1;1;20000;20;1;none;;;;;;;;;;--;--;Cell not found in the clf database!;2022/12/07;09:11:15;HOME
44011;4;71524872;279394;8;214;202;1500;1800 B3;-55;-78;-11;1.4;;0;;;35.701870;139.754854;30;5;21;15;20000;20;1;none;;;;;;;;;;--;--;Cell not found in the clf database!;2022/12/07;09:11:16;HOME
44011;4;71524872;279394;8;214;202;1500;1800 B3;-55;-78;-11;1.4;;0;;;35.701884;139.754790;25;5;0;0;20000;20;1;none;;;;;;;;;;--;--;Cell not found in the clf database!;2022/12/07;09:11:17;HOME
44011;4;71524872;279394;8;214;202;1500;1800 B3;-55;-95;-16;1.4;;0;;;35.701892;139.754743;20;5;0;0;20000;20;1;none;;;;;;;;;;--;--;Cell not found in the clf database!;2022/12/07;09:11:18;HOME
44011;4;71524872;279394;8;214;202;1500;1800 B3;-55;-95;-16;1.4;;0;;;35.701892;139.754682;22;6;0;0;20000;20;1;none;;;;;;;;;;--;--;Cell not found in the clf database!;2022/12/07;09:11:19;HOME
44011;4;71524872;279394;8;214;202;1500;1800 B3;-55;-95;-16;1.4;;0;;;35.701894;139.754626;16;6;0;0;20000;5;1;none;;;;;;;;;;--;--;Cell not found in the clf database!;2022/12/07;09:11:20;HOME
44011;4;71728391;280189;7;214;135;1575;1800 B3;-55;-85;-5;1.4;;;;;35.701902;139.754593;11;6;0;0;5000;5;1;none;;;;;;;;;;--;--;Cell not found in the clf database!;2022/12/07;09:11:21;HOME
44011;4;71728391;280189;7;214;135;1575;1800 B3;-55;-85;-5;1.4;;69;;;35.701919;139.754574;6;6;0;0;5000;5;1;none;;;;;;;;;;--;--;Cell not found in the clf database!;2022/12/07;09:11:22;HOME
44011;4;71728391;280189;7;214;135;1575;1800 B3;-55;-85;-5;1.4;;69;;;35.701927;139.754557;6;6;54;49;5000;5;1;none;;;;;;;;;;--;--;Cell not found in the clf database!;2022/12/07;09:11:23;HOME
44011;4;71728391;280189;7;214;135;1575;1800 B3;-55;-85;-5;1.4;;69;;;35.701928;139.754537;5;7;0;1;5000;5;1;none;;;;;;;;;;--;--;Cell not found in the clf database!;2022/12/07;09:11:24;HOME
44011;4;71728391;280189;7;214;135;1575;1800 B3;-55;-73;-3;1.4;;69;;;35.701933;139.754514;5;7;0;0;5000;5;1;none;;;;;;;;;;--;--;Cell not found in the clf database!;2022/12/07;09:11:25;HOME
44011;4;71728391;280189;7;214;135;1575;1800 B3;-55;-73;-3;1.4;;69;;;35.701939;139.754492;4;8;0;0;5000;5;1;none;;;;;;;;;;--;--;Cell not found in the clf database!;2022/12/07;09:11:26;HOME
44011;4;71728391;280189;7;214;135;1575;1800 B3;-55;-74;-3;1.4;;67;;;35.701942;139.754476;1;9;0;0;5000;5;1;none;;;;;;;;;;--;--;Cell not found in the clf database!;2022/12/07;09:11:27;HOME
44011;4;71728391;280189;7;214;135;1575;1800 B3;-55;-74;-3;1.4;;67;;;35.701944;139.754466;1;10;0;0;5000;5;1;none;;;;;;;;;;--;--;Cell not found in the clf database!;2022/12/07;09:11:28;HOME
44011;4;71728391;280189;7;214;135;1575;1800 B3;-55;-74;-3;1.4;;67;;;35.701950;139.754448;2;11;0;0;5000;5;1;none;;;;;;;;;;--;--;Cell not found in the clf database!;2022/12/07;09:11:29;HOME
44011;4;71728391;280189;7;214;135;1575;1800 B3;-55;-73;-4;1.4;;68;;;35.701958;139.754440;3;11;4;22;5000;5;1;none;;;;;;;;;;--;--;Cell not found in the clf database!;2022/12/07;09:11:30;HOME
44011;4;71728391;280189;7;214;135;1575;1800 B3;-55;-73;-4;1.4;;68;;;35.701965;139.754431;3;11;0;0;5000;5;1;none;;;;;;;;;;--;--;Cell not found in the clf database!;2022/12/07;09:11:31;HOME
44011;4;71728391;280189;7;214;135;1575;1800 B3;-55;-73;-4;1.4;;68;;;35.701970;139.754423;3;10;0;0;5000;5;1;none;;;;;;;;;;--;--;Cell not found in the clf database!;2022/12/07;09:11:32;HOME
44011;4;71728391;280189;7;214;135;1575;1800 B3;-55;-76;-4;1.4;;68;;;35.701971;139.754413;2;10;2;2;5000;5;1;none;;;;;;;;;;--;--;Cell not found in the clf database!;2022/12/07;09:11:33;HOME
44011;4;71728391;280189;7;214;135;1575;1800 B3;-55;-76;-4;1.4;;68;;;35.701973;139.754409;2;10;0;0;5000;5;1;none;;;;;;;;;;--;--;Cell not found in the clf database!;2022/12/07;09:11:34;HOME
44011;4;71728391;280189;7;214;135;1575;1800 B3;-55;-75;-4;1.4;;68;;;35.701977;139.754401;2;10;4;5;5000;5;1;none;;;;;;;;;;--;--;Cell not found in the clf database!;2022/12/07;09:11:35;HOME
44011;4;71728391;280189;7;214;135;1575;1800 B3;-55;-75;-4;1.4;;68;;;35.701982;139.754392;3;10;0;0;5000;5;1;none;;;;;;;;;;--;--;Cell not found in the clf database!;2022/12/07;09:11:36;HOME
44011;4;71728391;280189;7;214;135;1575;1800 B3;-55;-79;-6;1.4;;68;;;35.701984;139.754386;3;10;0;0;5000;5;1;none;;;;;;;;;;--;--;Cell not found in the clf database!;2022/12/07;09:11:37;HOME
44011;4;71728391;280189;7;214;135;1575;1800 B3;-55;-79;-6;1.4;;68;;;35.701986;139.754375;2;10;0;0;5000;5;1;none;;;;;;;;;;--;--;Cell not found in the clf database!;2022/12/07;09:11:38;HOME
44011;4;71728391;280189;7;214;135;1575;1800 B3;-55;-75;-5;1.4;;68;;;35.701988;139.754372;2;10;0;0;5000;5;1;none;;;;;;;;;;--;--;Cell not found in the clf database!;2022/12/07;09:11:39;HOME
44011;4;71728391;280189;7;214;135;1575;1800 B3;-55;-75;-5;1.4;;68;;;35.701991;139.754369;2;10;0;0;5000;5;1;none;;;;;;;;;;--;--;Cell not found in the clf database!;2022/12/07;09:11:40;HOME
44011;4;71728391;280189;7;214;135;1575;1800 B3;-55;-65;-3;1.4;;68;;;35.701995;139.754368;1;10;0;0;5000;5;1;none;;;;;;;;;;--;--;Cell not found in the clf database!;2022/12/07;09:11:41;HOME
44011;4;71728391;280189;7;214;135;1575;1800 B3;-55;-65;-3;1.4;;68;;;35.701997;139.754368;0;10;0;0;5000;5;1;none;;;;;;;;;;--;--;Cell not found in the clf database!;2022/12/07;09:11:42;HOME
44011;4;71728391;280189;7;214;135;1575;1800 B3;-55;-71;-5;1.4;;68;;;35.701998;139.754367;0;10;5;67;5000;5;1;none;;;;;;;;;;--;--;Cell not found in the clf database!;2022/12/07;09:11:43;HOME
44011;4;71728391;280189;7;214;135;1575;1800 B3;-55;-71;-5;1.4;;68;;;35.701998;139.754366;0;10;0;0;5000;5;1;none;;;;;;;;;;--;--;Cell not found in the clf database!;2022/12/07;09:11:44;HOME
44011;4;71728391;280189;7;214;135;1575;1800 B3;-55;-71;-5;1.4;;68;;;35.701998;139.754367;0;10;0;0;5000;5;1;none;;;;;;;;;;--;--;Cell not found in the clf database!;2022/12/07;09:11:45;HOME
44011;4;71728391;280189;7;214;135;1575;1800 B3;-55;-71;-6;1.4;;68;;;35.701996;139.754368;0;10;1;1;5000;5;1;none;;;;;;;;;;--;--;Cell not found in the clf database!;2022/12/07;09:11:46;HOME
44011;4;71728391;280189;7;214;135;1575;1800 B3;-55;-71;-6;1.4;;68;;;35.701995;139.754369;0;10;1;1;5000;5;1;none;;;;;;;;;;--;--;Cell not found in the clf database!;2022/12/07;09:11:47;HOME
44011;4;71728391;280189;7;214;135;1575;1800 B3;-55;-71;-6;1.4;;68;;;35.701994;139.754370;0;10;0;0;5000;5;1;none;;;;;;;;;;--;--;Cell not found in the clf database!;2022/12/07;09:11:48;HOME
44011;4;71728391;280189;7;214;135;1575;1800 B3;-55;-73;-3;1.4;;68;;;35.701992;139.754371;0;10;0;0;5000;5;1;none;;;;;;;;;;--;--;Cell not found in the clf database!;2022/12/07;09:11:49;HOME
44011;4;71728391;280189;7;214;135;1575;1800 B3;-55;-73;-3;1.4;;68;;;35.701992;139.754371;0;10;6;94;5000;5;1;none;;;;;;;;;;--;--;Cell not found in the clf database!;2022/12/07;09:11:50;HOME
44011;4;71728391;280189;7;214;135;1575;1800 B3;-55;-70;-4;1.4;;68;;;35.701991;139.754371;0;10;1;1;5000;5;1;none;;;;;;;;;;--;--;Cell not found in the clf database!;2022/12/07;09:11:51;HOME
44011;4;71728391;280189;7;214;135;1575;1800 B3;-55;-70;-4;1.4;;68;;;35.701991;139.754372;0;10;0;0;5000;5;1;none;;;;;;;;;;--;--;Cell not found in the clf database!;2022/12/07;09:11:52;HOME
44011;4;71728391;280189;7;214;135;1575;1800 B3;-55;-70;-4;1.4;;68;;;35.701991;139.754371;0;10;0;0;5000;5;1;none;;;;;;;;;;--;--;Cell not found in the clf database!;2022/12/07;09:11:53;HOME
44011;4;71728391;280189;7;214;135;1575;1800 B3;-55;-70;-3;1.4;;68;;;35.701990;139.754371;0;10;0;0;5000;5;1;none;;;;;;;;;;--;--;Cell not found in the clf database!;2022/12/07;09:11:54;HOME
44011;4;71728391;280189;7;214;135;1575;1800 B3;-55;-70;-3;1.4;;68;;;35.701990;139.754370;0;10;4;5;5000;5;1;none;;;;;;;;;;--;--;Cell not found in the clf database!;2022/12/07;09:11:55;HOME
44011;4;71728391;280189;7;214;135;1575;1800 B3;-55;-72;-3;1.4;;68;;;35.701990;139.754370;0;10;0;0;5000;5;1;none;;;;;;;;;;--;--;Cell not found in the clf database!;2022/12/07;09:11:56;HOME
44011;4;71728391;280189;7;214;135;1575;1800 B3;-55;-72;-3;1.4;;68;;;35.701990;139.754370;0;10;0;0;5000;5;1;none;;;;;;;;;;--;--;Cell not found in the clf database!;2022/12/07;09:11:57;HOME
44011;4;71728391;280189;7;214;135;1575;1800 B3;-55;-80;-5;1.4;;68;;;35.701990;139.754369;0;10;0;0;5000;5;1;none;;;;;;;;;;--;--;Cell not found in the clf database!;2022/12/07;09:11:58;HOME
44011;4;71728391;280189;7;214;135;1575;1800 B3;-55;-80;-5;1.4;;68;;;35.701990;139.754368;0;10;2;3;5000;5;1;none;;;;;;;;;;--;--;Cell not found in the clf database!;2022/12/07;09:11:59;HOME
44011;4;71728391;280189;7;214;135;1575;1800 B3;-55;-80;-5;1.4;;68;;;35.701990;139.754368;0;10;0;0;5000;5;1;none;;;;;;;;;;--;--;Cell not found in the clf database!;2022/12/07;09:12:00;HOME
44011;4;71728391;280189;7;214;135;1575;1800 B3;-55;-77;-6;1.4;;68;;;35.701990;139.754368;0;10;0;0;5000;5;1;none;;;;;;;;;;--;--;Cell not found in the clf database!;2022/12/07;09:12:01;HOME
44011;4;71728391;280189;7;214;135;1575;1800 B3;-55;-77;-6;1.4;;68;;;35.701990;139.754368;0;10;0;0;5000;5;1;none;;;;;;;;;;--;--;Cell not found in the clf database!;2022/12/07;09:12:02;HOME
44011;4;71728391;280189;7;214;135;1575;1800 B3;-55;-77;-6;1.4;;68;;;35.701990;139.754368;0;10;0;0;5000;5;1;none;;;;;;;;;;--;--;Cell not found in the clf database!;2022/12/07;09:12:03;HOME
44011;4;71728391;280189;7;214;135;1575;1800 B3;-55;-78;-4;1.4;;68;;;35.701990;139.754368;0;10;0;0;5000;5;1;none;;;;;;;;;;--;--;Cell not found in the clf database!;2022/12/07;09:12:04;HOME
44011;4;71728391;280189;7;214;135;1575;1800 B3;-55;-78;-4;1.4;;68;;;35.701990;139.754368;0;10;0;0;5000;5;1;none;;;;;;;;;;--;--;Cell not found in the clf database!;2022/12/07;09:12:05;HOME
44011;4;71728391;280189;7;214;135;1575;1800 B3;-55;-77;-6;1.4;;68;;;35.701990;139.754368;0;10;0;0;5000;5;1;none;;;;;;;;;;--;--;Cell not found in the clf database!;2022/12/07;09:12:06;HOME
44011;4;71728391;280189;7;214;135;1575;1800 B3;-55;-77;-6;1.4;;68;;;35.701990;139.754368;0;10;0;0;5000;5;1;none;;;;;;;;;;--;--;Cell not found in the clf database!;2022/12/07;09:12:07;HOME
44011;4;71728391;280189;7;214;135;1575;1800 B3;-55;-77;-6;1.4;;68;;;35.701990;139.754368;0;10;0;0;5000;5;1;none;;;;;;;;;;--;--;Cell not found in the clf database!;2022/12/07;09:12:08;HOME
44011;4;71728391;280189;7;214;135;1575;1800 B3;-55;-78;-8;1.4;;68;;;35.701990;139.754368;0;10;0;0;5000;5;1;none;;;;;;;;;;--;--;Cell not found in the clf database!;2022/12/07;09:12:09;HOME
44011;4;71728391;280189;7;214;135;1575;1800 B3;-55;-78;-8;1.4;;68;;;35.701990;139.754368;0;10;0;0;5000;5;1;none;;;;;;;;;;--;--;Cell not found in the clf database!;2022/12/07;09:12:10;HOME
44011;4;71728391;280189;7;214;135;1575;1800 B3;-55;-73;-6;1.4;;68;;;35.701990;139.754368;0;10;0;0;5000;5;1;none;;;;;;;;;;--;--;Cell not found in the clf database!;2022/12/07;09:12:11;HOME
44011;4;71728391;280189;7;214;135;1575;1800 B3;-55;-73;-6;1.4;;68;;;35.701992;139.754359;2;10;0;0;5000;5;1;none;;;;;;;;;;--;--;Cell not found in the clf database!;2022/12/07;09:12:12;HOME
44011;4;71728391;280189;7;214;135;1575;1800 B3;-55;-73;-6;1.4;;68;;;35.701996;139.754348;2;10;1;0;5000;5;1;none;;;;;;;;;;--;--;Cell not found in the clf database!;2022/12/07;09:12:13;HOME
44011;4;71728391;280189;7;214;135;1575;1800 B3;-55;-75;-4;1.4;;68;;;35.701997;139.754334;5;10;18;21;5000;5;1;none;;;;;;;;;;--;--;Cell not found in the clf database!;2022/12/07;09:12:14;HOME
44011;4;71728391;280189;7;214;135;1575;1800 B3;-55;-75;-4;1.4;;68;;;35.701998;139.754320;3;10;12;5;5000;5;1;none;;;;;;;;;;--;--;Cell not found in the clf database!;2022/12/07;09:12:15;HOME
44011;4;71728391;280189;7;214;135;1575;1800 B3;-55;-75;-3;1.4;;68;;;35.702000;139.754305;5;10;44;37;5000;5;1;none;;;;;;;;;;--;--;Cell not found in the clf database!;2022/12/07;09:12:16;HOME
44011;4;71728391;280189;7;214;135;1575;1800 B3;-55;-75;-3;1.4;;68;;;35.702001;139.754270;10;10;1;1;5000;5;1;none;;;;;;;;;;--;--;Cell not found in the clf database!;2022/12/07;09:12:17;HOME
44011;4;71728391;280189;7;214;135;1575;1800 B3;-55;-78;-5;1.4;;68;;;35.702005;139.754192;14;10;0;0;5000;5;1;none;;;;;;;;;;--;--;Cell not found in the clf database!;2022/12/07;09:12:18;HOME
44011;4;71728391;280189;7;214;135;1575;1800 B3;-55;-78;-5;1.4;;68;;;35.702023;139.754122;18;10;0;0;5000;5;1;none;;;;;;;;;;--;--;Cell not found in the clf database!;2022/12/07;09:12:19;HOME
44011;4;71728391;280189;7;214;135;1575;1800 B3;-55;-78;-5;1.4;;68;;;35.702040;139.754039;21;10;0;0;5000;5;1;none;;;;;;;;;;--;--;Cell not found in the clf database!;2022/12/07;09:12:20;HOME
44011;4;71728391;280189;7;214;135;1575;1800 B3;-55;-83;-6;1.4;;69;;;35.702055;139.753948;24;10;0;0;5000;5;1;none;;;;;;;;;;--;--;Cell not found in the clf database!;2022/12/07;09:12:21;HOME
44011;4;71728391;280189;7;214;135;1575;1800 B3;-55;-83;-6;1.4;;69;;;35.702092;139.753746;30;10;3;1;5000;5;1;none;;;;;;;;;;--;--;Cell not found in the clf database!;2022/12/07;09:12:22;HOME
44011;4;71728391;280189;7;214;135;1575;1800 B3;-55;-74;-4;1.4;;68;;;35.702102;139.753668;32;10;4;4;5000;5;1;none;;;;;;;;;;--;--;Cell not found in the clf database!;2022/12/07;09:12:23;HOME
44011;4;71728391;280189;7;214;135;1575;1800 B3;-55;-74;-4;1.4;;68;;;35.702111;139.753572;33;10;0;0;5000;5;1;none;;;;;;;;;;--;--;Cell not found in the clf database!;2022/12/07;09:12:24;HOME
44011;4;71728391;280189;7;214;135;1575;1800 B3;-55;-82;-6;1.4;;68;;;35.702122;139.753472;34;10;0;0;5000;5;1;none;;;;;;;;;;--;--;Cell not found in the clf database!;2022/12/07;09:12:25;HOME
44011;4;71728391;280189;7;214;135;1575;1800 B3;-55;-82;-6;1.4;;68;;;35.702130;139.753368;34;10;0;0;5000;5;1;none;;;;;;;;;;--;--;Cell not found in the clf database!;2022/12/07;09:12:26;HOME
44011;4;71728392;280189;8;214;322;1575;1800 B3;-55;-75;-6;1.4;;;;;35.702142;139.753247;37;10;0;0;5000;5;1;none;;;;;;;;;;--;--;Cell not found in the clf database!;2022/12/07;09:12:27;HOME
44011;4;71728392;280189;8;214;322;1575;1800 B3;-55;-75;-6;1.4;;71;;;35.702156;139.753103;43;10;0;0;5000;5;1;none;;;;;;;;;;--;--;Cell not found in the clf database!;2022/12/07;09:12:28;HOME
44011;4;71728392;280189;8;214;322;1575;1800 B3;-55;-74;-6;1.4;;70;;;35.702172;139.752946;47;10;0;0;5000;5;1;none;;;;;;;;;;--;--;Cell not found in the clf database!;2022/12/07;09:12:29;HOME
44011;4;71728392;280189;8;214;322;1575;1800 B3;-55;-74;-6;1.4;;70;;;35.702188;139.752790;47;10;16;9;5000;5;1;none;;;;;;;;;;--;--;Cell not found in the clf database!;2022/12/07;09:12:30;HOME
44011;4;71728392;280189;8;214;322;1575;1800 B3;-55;-74;-6;1.4;;70;;;35.702199;139.752635;48;10;1;4;5000;5;1;none;;;;;;;;;;--;--;Cell not found in the clf database!;2022/12/07;09:12:31;HOME
44011;4;71728392;280189;8;214;322;1575;1800 B3;-55;-80;-10;1.4;;70;;;35.702211;139.752470;51;10;0;0;5000;5;1;none;;;;;;;;;;--;--;Cell not found in the clf database!;2022/12/07;09:12:32;HOME
44011;4;71728392;280189;8;214;322;1575;1800 B3;-55;-80;-10;1.4;;70;;;35.702228;139.752291;54;10;0;0;5000;5;1;none;;;;;;;;;;--;--;Cell not found in the clf database!;2022/12/07;09:12:33;HOME
44011;4;71728392;280189;8;214;322;1575;1800 B3;-55;-94;-13;1.4;;72;;;35.702245;139.752110;56;10;0;0;5000;5;1;none;;;;;;;;;;--;--;Cell not found in the clf database!;2022/12/07;09:12:34;HOME
44011;4;71728392;280189;8;214;322;1575;1800 B3;-55;-94;-13;1.4;;72;;;35.702259;139.751926;57;10;0;0;5000;5;1;none;;;;;;;;;;--;--;Cell not found in the clf database!;2022/12/07;09:12:35;HOME
44011;4;71728392;280189;8;214;322;1575;1800 B3;-55;-94;-13;1.4;;72;;;35.702273;139.751740;57;10;0;0;5000;20;1;none;;;;;;;;;;--;--;Cell not found in the clf database!;2022/12/07;09:12:36;HOME
44011;4;71525896;279398;8;214;7;1500;1800 B3;-55;-72;-7;1.4;;;;;35.702283;139.751553;58;10;0;0;20000;20;1;none;;;;;;;;;;--;--;Cell not found in the clf database!;2022/12/07;09:12:37;HOME
44011;4;71525896;279398;8;214;7;1500;1800 B3;-55;-72;-7;1.4;;0;;;35.702292;139.751368;58;10;0;0;20000;20;1;none;;;;;;;;;;--;--;Cell not found in the clf database!;2022/12/07;09:12:38;HOME
44011;4;71525896;279398;8;214;7;1500;1800 B3;-55;-72;-7;1.4;;0;;;35.702301;139.751185;58;10;0;0;20000;20;1;none;;;;;;;;;;--;--;Cell not found in the clf database!;2022/12/07;09:12:39;HOME
44011;4;71525896;279398;8;214;7;1500;1800 B3;-55;-91;-17;1.4;;0;;;35.702310;139.751002;58;10;0;0;20000;20;1;none;;;;;;;;;;--;--;Cell not found in the clf database!;2022/12/07;09:12:40;HOME
44011;4;71525896;279398;8;214;7;1500;1800 B3;-55;-91;-17;1.4;;0;;;35.702323;139.750820;58;11;0;0;20000;20;1;none;;;;;;;;;;--;--;Cell not found in the clf database!;2022/12/07;09:12:41;HOME
44011;4;71586050;279633;2;214;190;1500;1800 B3;-55;-87;-13;1.4;;;;;35.702332;139.750639;58;11;0;0;20000;20;1;none;;;;;;;;;;--;--;Cell not found in the clf database!;2022/12/07;09:12:42;HOME
44011;4;71586050;279633;2;214;190;1500;1800 B3;-55;-87;-13;1.4;;1;;;35.702339;139.750460;58;11;0;0;20000;20;1;none;;;;;;;;;;--;--;Cell not found in the clf database!;2022/12/07;09:12:43;HOME
44011;4;71586050;279633;2;214;190;1500;1800 B3;-55;-87;-13;1.4;;1;;;35.702350;139.750277;58;11;0;0;20000;20;1;none;;;;;;;;;;--;--;Cell not found in the clf database!;2022/12/07;09:12:44;HOME
44011;4;71586050;279633;2;214;190;1500;1800 B3;-55;-84;-14;1.4;;1;;;35.702363;139.750092;59;11;0;0;20000;20;1;none;;;;;;;;;;--;--;Cell not found in the clf database!;2022/12/07;09:12:45;HOME
44011;4;71586050;279633;2;214;190;1500;1800 B3;-55;-84;-14;1.4;;1;;;35.702387;139.749914;58;12;0;1;20000;20;1;none;;;;;;;;;;--;--;Cell not found in the clf database!;2022/12/07;09:12:46;HOME
44011;4;71525896;279398;8;214;7;1500;1800 B3;-55;-83;-18;1.4;;;;;35.702414;139.749741;57;12;0;0;20000;20;1;none;;;;;;;;;;--;--;Cell not found in the clf database!;2022/12/07;09:12:47;HOME
44011;4;71525896;279398;8;214;7;1500;1800 B3;-55;-83;-18;1.4;;1;;;35.702444;139.749567;57;12;0;0;20000;20;1;none;;;;;;;;;;--;--;Cell not found in the clf database!;2022/12/07;09:12:48;HOME
44011;4;71733511;280209;7;214;317;1500;1800 B3;-55;-74;-14;1.4;;;;;35.702473;139.749392;57;12;15;59;20000;20;1;none;;;;;;;;;;--;--;Cell not found in the clf database!;2022/12/07;09:12:49;HOME
44011;4;71733511;280209;7;214;317;1500;1800 B3;-55;-74;-14;1.4;;1;;;35.702500;139.749218;57;12;0;0;20000;20;1;none;;;;;;;;;;--;--;Cell not found in the clf database!;2022/12/07;09:12:50;HOME
44011;4;71733511;280209;7;214;317;1500;1800 B3;-55;-76;-11;1.4;;1;;;35.702514;139.749046;57;11;0;0;20000;20;1;none;;;;;;;;;;--;--;Cell not found in the clf database!;2022/12/07;09:12:51;HOME
44011;4;71733511;280209;7;214;317;1500;1800 B3;-55;-76;-11;1.4;;1;;;35.702528;139.748876;56;11;0;0;20000;20;1;none;;;;;;;;;;--;--;Cell not found in the clf database!;2022/12/07;09:12:52;HOME
44011;4;71733511;280209;7;214;317;1500;1800 B3;-55;-76;-11;1.4;;1;;;35.702539;139.748704;56;11;0;0;20000;20;1;none;;;;;;;;;;--;--;Cell not found in the clf database!;2022/12/07;09:12:53;HOME
44011;4;71733511;280209;7;214;317;1500;1800 B3;-55;-70;-8;1.4;;1;;;35.702541;139.748527;56;11;0;0;20000;20;1;none;;;;;;;;;;--;--;Cell not found in the clf database!;2022/12/07;09:12:54;HOME
44011;4;71733511;280209;7;214;317;1500;1800 B3;-55;-70;-8;1.4;;1;;;35.702536;139.748350;57;11;0;0;20000;20;1;none;;;;;;;;;;--;--;Cell not found in the clf database!;2022/12/07;09:12:55;HOME
44011;4;71733511;280209;7;214;317;1500;1800 B3;-55;-77;-11;1.4;;0;;;35.702538;139.748175;57;11;0;0;20000;20;1;none;;;;;;;;;;--;--;Cell not found in the clf database!;2022/12/07;09:12:56;HOME
44011;4;71733511;280209;7;214;317;1500;1800 B3;-55;-77;-11;1.4;;0;;;35.702544;139.748001;56;11;0;0;20000;20;1;connected;;;;;;;;;;--;--;Cell not found in the clf database!;2022/12/07;09:12:57;HOME
44011;4;71733511;280209;7;214;317;1500;1800 B3;-55;-77;-11;1.4;;0;;;35.702552;139.747824;57;11;0;0;20000;20;1;connected;;;;;;;;;;--;--;Cell not found in the clf database!;2022/12/07;09:12:58;HOME
44011;4;71733511;280209;7;214;317;1500;1800 B3;-55;-71;-12;1.4;;0;;;35.702560;139.747653;56;11;0;0;20000;20;1;connected;;;;;;;;;;--;--;Cell not found in the clf database!;2022/12/07;09:12:59;HOME
44011;4;71733511;280209;7;214;317;1500;1800 B3;-55;-71;-12;1.4;;0;;;35.702571;139.747484;56;11;0;0;20000;20;1;connected;;;;;;;;;;--;--;Cell not found in the clf database!;2022/12/07;09:13:00;HOME
44011;4;71733511;280209;7;214;317;1500;1800 B3;-55;-84;-12;1.4;;1;;;35.702586;139.747315;56;11;1;5;20000;20;1;connected;;;;;;;;;;--;--;Cell not found in the clf database!;2022/12/07;09:13:01;HOME
44011;4;71733511;280209;7;214;317;1500;1800 B3;-55;-84;-12;1.4;;1;;;35.702601;139.747144;56;10;10;31;20000;20;1;connected;;;;;;;;;;--;--;Cell not found in the clf database!;2022/12/07;09:13:02;HOME
44011;4;71733511;280209;7;214;317;1500;1800 B3;-55;-84;-12;1.4;;1;;;35.702609;139.746976;55;10;0;0;20000;20;1;connected;;;;;;;;;;--;--;Cell not found in the clf database!;2022/12/07;09:13:03;HOME
44011;4;71733511;280209;7;214;317;1500;1800 B3;-55;-89;-16;1.4;;1;;;35.702605;139.746807;55;10;0;0;20000;20;1;connected;;;;;;;;;;--;--;Cell not found in the clf database!;2022/12/07;09:13:04;HOME
44011;4;71733511;280209;7;214;317;1500;1800 B3;-55;-89;-16;1.4;;1;;;35.702592;139.746641;54;11;0;0;20000;20;1;connected;;;;;;;;;;--;--;Cell not found in the clf database!;2022/12/07;09:13:05;HOME
000000;4;;;;65535;313;1500;1800 B3;-55;-93;-20;1.4;;0;;;35.702575;139.746478;53;11;0;0;20000;20;1;connected;;;;;;;;;;--;--;Cell not found in the clf database!;2022/12/07;09:13:06;HOME
000000;4;;;;65535;313;1500;1800 B3;-55;-93;-20;1.4;;0;;;35.702549;139.746316;53;11;0;0;20000;20;1;connected;;;;;;;;;;--;--;Cell not found in the clf database!;2022/12/07;09:13:07;HOME
000000;4;;;;65535;313;1500;1800 B3;-55;-93;-20;1.4;;0;;;35.702507;139.746157;54;11;0;0;20000;20;1;connected;;;;;;;;;;--;--;Cell not found in the clf database!;2022/12/07;09:13:08;HOME
000000;4;;;;65535;313;1500;1800 B3;-55;-93;-20;1.4;;0;;;35.702457;139.746000;54;11;0;0;20000;20;1;connected;;;;;;;;;;--;--;Cell not found in the clf database!;2022/12/07;09:13:09;HOME
44011;4;71525894;279398;6;214;74;1500;1800 B3;-55;-84;-12;1.4;;;;;35.702397;139.745848;54;11;0;0;20000;20;1;connected;;;;;;;;;;--;--;Cell not found in the clf database!;2022/12/07;09:13:10;HOME
44011;4;71525894;279398;6;214;74;1500;1800 B3;-55;-84;-12;1.4;;0;;;35.702330;139.745701;54;10;0;0;20000;20;1;connected;;;;;;;;;;--;--;Cell not found in the clf database!;2022/12/07;09:13:11;HOME
44011;4;71525894;279398;6;214;74;1500;1800 B3;-55;-84;-12;1.4;;0;;;35.702254;139.745561;53;10;0;0;20000;20;1;connected;;;;;;;;;;--;--;Cell not found in the clf database!;2022/12/07;09:13:12;HOME
44011;4;71525894;279398;6;214;74;1500;1800 B3;-55;-86;-16;1.4;;1;;;35.702171;139.745423;54;10;0;0;20000;20;1;connected;;;;;;;;;;--;--;Cell not found in the clf database!;2022/12/07;09:13:13;HOME
44011;4;71525894;279398;6;214;74;1500;1800 B3;-55;-86;-16;1.4;;1;;;35.702086;139.745289;54;10;0;0;20000;20;1;connected;;;;;;;;;;--;--;Cell not found in the clf database!;2022/12/07;09:13:14;HOME
44011;4;71525894;279398;6;214;74;1500;1800 B3;-55;-88;-20;1.4;;2;;;35.701997;139.745161;54;10;32;0;20000;20;1;none;;;;;;;;;;--;--;Cell not found in the clf database!;2022/12/07;09:13:15;HOME
44011;4;71525894;279398;6;214;74;1500;1800 B3;-55;-88;-20;1.4;;2;;;35.701903;139.745036;54;10;10;0;20000;20;1;none;;;;;;;;;;--;--;Cell not found in the clf database!;2022/12/07;09:13:16;HOME
44011;4;71525894;279398;6;214;74;1500;1800 B3;-55;-93;-20;1.4;;2;;;35.701807;139.744927;51;10;0;0;20000;20;1;none;;;;;;;;;;--;--;Cell not found in the clf database!;2022/12/07;09:13:17;HOME
44011;4;71525894;279398;6;214;74;1500;1800 B3;-55;-93;-20;1.4;;2;;;35.701704;139.744838;48;10;9;0;20000;20;1;none;;;;;;;;;;--;--;Cell not found in the clf database!;2022/12/07;09:13:18;HOME
44011;4;71525894;279398;6;214;74;1500;1800 B3;-55;-100;-20;1.4;;2;;;35.701603;139.744754;47;10;35;0;20000;20;1;none;;;;;;;;;;--;--;Cell not found in the clf database!;2022/12/07;09:13:19;HOME
44011;4;71525894;279398;6;214;74;1500;1800 B3;-55;-100;-20;1.4;;2;;;35.701508;139.744678;44;10;15;0;20000;20;1;none;;;;;;;;;;--;--;Cell not found in the clf database!;2022/12/07;09:13:20;HOME
44011;4;71525894;279398;6;214;74;1500;1800 B3;-55;-100;-20;1.4;;2;;;35.701416;139.744608;43;11;14;0;20000;20;1;none;;;;;;;;;;--;--;Cell not found in the clf database!;2022/12/07;09:13:21;HOME
44011;4;71525894;279398;6;214;74;1500;1800 B3;-55;-100;-18;1.4;;2;;;35.701328;139.744546;41;11;14;0;20000;20;1;none;;;;;;;;;;--;--;Cell not found in the clf database!;2022/12/07;09:13:22;HOME
44011;4;71525894;279398;6;214;74;1500;1800 B3;-55;-100;-18;1.4;;2;;;35.701243;139.744488;39;11;12;0;20000;20;1;none;;;;;;;;;;--;--;Cell not found in the clf database!;2022/12/07;09:13:23;HOME
44011;4;71525894;279398;6;214;74;1500;1800 B3;-55;-100;-20;-0.6;;2;;;35.701153;139.744425;40;11;0;0;20000;20;1;connected;;;;;;;;;;--;--;Cell not found in the clf database!;2022/12/07;09:13:24;HOME
44011;4;71525894;279398;6;214;74;1500;1800 B3;-55;-100;-20;0.6;;2;;;35.701069;139.744358;38;12;0;0;20000;20;1;connected;;;;;;;;;;--;--;Cell not found in the clf database!;2022/12/07;09:13:25;HOME
44011;4;71525894;279398;6;214;74;1500;1800 B3;-55;-100;-20;0.6;;2;;;35.700999;139.744300;33;12;304;197;20000;20;1;connected;;;;;;;;;;--;--;Cell not found in the clf database!;2022/12/07;09:13:26;HOME
44011;4;71697921;280070;1;214;135;1500;1800 B3;-55;-83;-9;0.6;;;;;35.700939;139.744253;28;12;68;60;20000;20;1;connected;;;;;;;;;;--;--;Cell not found in the clf database!;2022/12/07;09:13:27;HOME
44011;4;71697921;280070;1;214;135;1500;1800 B3;-55;-83;-9;0.6;;1;;;35.700882;139.744210;26;12;0;0;20000;20;1;connected;;;;;;;;;;--;--;Cell not found in the clf database!;2022/12/07;09:13:28;HOME
44011;4;71697921;280070;1;214;135;1500;1800 B3;-55;-84;-10;0.6;;0;;;35.700796;139.744101;12;12;0;0;20000;20;1;connected;;;;;;;;;;--;--;Cell not found in the clf database!;2022/12/07;09:13:29;HOME
44011;4;71697921;280070;1;214;135;1500;1800 B3;-55;-84;-10;0.6;;0;;;35.700806;139.744114;10;11;7;116;20000;20;1;connected;;;;;;;;;;--;--;Cell not found in the clf database!;2022/12/07;09:13:30;HOME
44011;4;71697921;280070;1;214;135;1500;1800 B3;-55;-84;-11;0.6;;1;;;35.700799;139.744119;9;11;0;0;20000;20;1;connected;;;;;;;;;;--;--;Cell not found in the clf database!;2022/12/07;09:13:31;HOME
44011;4;71697921;280070;1;214;135;1500;1800 B3;-55;-84;-11;0.6;;1;;;35.700790;139.744125;7;11;3;1;20000;20;1;connected;;;;;;;;;;--;--;Cell not found in the clf database!;2022/12/07;09:13:32;HOME
44011;4;71697921;280070;1;214;135;1500;1800 B3;-55;-84;-11;0.6;;1;;;35.700776;139.744126;8;11;0;0;20000;20;1;connected;;;;;;;;;;--;--;Cell not found in the clf database!;2022/12/07;09:13:33;HOME
44011;4;71697921;280070;1;214;135;1500;1800 B3;-55;-92;-13;0.6;;1;;;35.700766;139.744125;5;11;0;0;20000;20;1;connected;;;;;;;;;;--;--;Cell not found in the clf database!;2022/12/07;09:13:34;HOME
44011;4;71697921;280070;1;214;135;1500;1800 B3;-55;-92;-13;0.6;;1;;;35.700759;139.744130;3;11;18;2;20000;20;1;connected;;;;;;;;;;--;--;Cell not found in the clf database!;2022/12/07;09:13:35;HOME
44011;4;71697921;280070;1;214;135;1500;1800 B3;-55;-98;-13;0.6;;0;;;35.700752;139.744135;1;11;0;0;20000;20;1;connected;;;;;;;;;;--;--;Cell not found in the clf database!;2022/12/07;09:13:36;HOME
44011;4;71697921;280070;1;214;135;1500;1800 B3;-55;-98;-13;0.6;;0;;;35.700748;139.744136;2;12;1;1;20000;20;1;connected;;;;;;;;;;--;--;Cell not found in the clf database!;2022/12/07;09:13:37;HOME
44011;4;71697921;280070;1;214;135;1500;1800 B3;-55;-96;-11;0.6;;1;;;35.700742;139.744136;1;12;0;0;20000;20;1;connected;;;;;;;;;;--;--;Cell not found in the clf database!;2022/12/07;09:13:38;HOME
44011;4;71697921;280070;1;214;135;1500;1800 B3;-55;-96;-11;0.6;;1;;;35.700736;139.744138;1;12;3;2;20000;20;1;connected;;;;;;;;;;--;--;Cell not found in the clf database!;2022/12/07;09:13:39;HOME
44011;4;71697921;280070;1;214;135;1500;1800 B3;-55;-91;-11;0.6;;1;;;35.700727;139.744137;1;13;2;1;20000;20;1;none;;;;;;;;;;--;--;Cell not found in the clf database!;2022/12/07;09:13:40;HOME
44011;4;71697921;280070;1;214;135;1500;1800 B3;-55;-91;-11;0.6;;1;;;35.700722;139.744135;1;13;16;27;20000;20;1;none;;;;;;;;;;--;--;Cell not found in the clf database!;2022/12/07;09:13:41;HOME
44011;4;71697921;280070;1;214;135;1500;1800 B3;-55;-91;-11;0.6;;1;;;35.700716;139.744132;1;13;0;0;20000;20;1;none;;;;;;;;;;--;--;Cell not found in the clf database!;2022/12/07;09:13:42;HOME
44011;4;71697921;280070;1;214;135;1500;1800 B3;-55;-90;-9;0.6;;0;;;35.700708;139.744132;1;13;0;0;20000;20;1;none;;;;;;;;;;--;--;Cell not found in the clf database!;2022/12/07;09:13:43;HOME
44011;4;71697921;280070;1;214;135;1500;1800 B3;-55;-90;-9;0.6;;0;;;35.700698;139.744135;2;13;0;0;20000;20;1;none;;;;;;;;;;--;--;Cell not found in the clf database!;2022/12/07;09:13:44;HOME
44011;4;71697921;280070;1;214;135;1500;1800 B3;-55;-92;-11;0.6;;0;;;35.700682;139.744146;2;13;20;5;20000;20;1;none;;;;;;;;;;--;--;Cell not found in the clf database!;2022/12/07;09:13:45;HOME
